symbol,orderId,orderListId,clientOrderId,price,origQty,executedQty,cummulativeQuoteQty,status,timeInForce,type,side,stopPrice,icebergQty,time,updateTime,isWorking,workingTime,origQuoteOrderQty,selfTradePreventionMode,preventedMatchId,preventedQuantity,price_per_unit
BTCUSDT,1044065433,-1,SvbC3rULqUXn6sBvrGSsR2,30261.98,0.00021,0.0,0.0,EXPIRED_IN_MATCH,GTC,LIMIT,BUY,0.0,0.0,1689553681395,1689553801191,True,1689553681395,0.0,EXPIRE_MAKER,80154.0,0.00021,30261.98
BTCUSDT,1044066544,-1,tQmDaIV4LaDUEFzmu5RFeT,30270.62,0.0007,0.0,0.0,EXPIRED_IN_MATCH,GTC,LIMIT,SELL,0.0,0.0,1689554281285,1689557041176,True,1689554281285,0.0,EXPIRE_MAKER,80161.0,0.0007,30270.62
BTCUSDT,1044066684,-1,RWYMLX2JiNJ7Uk6u66riul,30262.17,0.00066,0.0,0.0,EXPIRED_IN_MATCH,GTC,LIMIT,SELL,0.0,0.0,1689554341228,1689556981003,True,1689554341228,0.0,EXPIRE_MAKER,80157.0,0.00066,30262.17
BTCUSDT,1044067435,-1,LUXewONFBEjddp7mej52xE,30240.24,0.0006,0.0,0.0,EXPIRED_IN_MATCH,GTC,LIMIT,SELL,0.0,0.0,1689554761454,1689556141000,True,1689554761454,0.0,EXPIRE_MAKER,80156.0,0.0006,30240.24
BTCUSDT,1044067602,-1,EIKmTH3ECgfKqyISTcRrAT,30239.24,0.00057,0.0,0.0,EXPIRED_IN_MATCH,GTC,LIMIT,SELL,0.0,0.0,1689554821648,1689556141000,True,1689554821648,0.0,EXPIRE_MAKER,80155.0,0.00057,30239.24
BTCUSDT,1044071275,-1,Y0uJk9TMmBPDeEgRbBZMkU,30270.7,0.00057,0.0,0.0,EXPIRED_IN_MATCH,GTC,LIMIT,SELL,0.0,0.0,1689556501164,1689557041176,True,1689556501164,0.0,EXPIRE_MAKER,80162.0,0.00057,30270.7
BTCUSDT,1044071467,-1,75T9OwFCWtqHMNBDbQf7Th,30287.78,0.00054,0.0,0.0,EXPIRED_IN_MATCH,GTC,LIMIT,SELL,0.0,0.0,1689556681501,1689557340840,True,1689556681501,0.0,EXPIRE_MAKER,80165.0,0.00054,30287.78
BTCUSDT,1044072121,-1,KMXrQJFZXfyfhzHk2AXDF9,30269.73,0.00049,9e-05,2.7242757,EXPIRED_IN_MATCH,GTC,LIMIT,SELL,0.0,0.0,1689556981382,1689557041176,True,1689556981382,0.0,EXPIRE_MAKER,80160.0,0.0004,30269.73
BTCUSDT,1044072255,-1,JU8mxuGkmo1cr8nioZrNsi,30288.8,0.00053,0.0,0.0,EXPIRED_IN_MATCH,GTC,LIMIT,SELL,0.0,0.0,1689557041564,1689557340840,True,1689557041564,0.0,EXPIRE_MAKER,80166.0,0.00053,30288.8
BTCUSDT,1044072644,-1,ZDoVufBkLvfF4GREL2jHtD,30287.23,0.00052,0.00029,8.7832967,EXPIRED_IN_MATCH,GTC,LIMIT,SELL,0.0,0.0,1689557281554,1689557340840,True,1689557281554,0.0,EXPIRE_MAKER,80164.0,0.00023,30287.23
BTCUSDT,1044072886,-1,3y9CoV06v2eI4r0F7kyMnR,30269.18,0.00035,0.0,0.0,EXPIRED_IN_MATCH,GTC,LIMIT,BUY,0.0,0.0,1689557521692,1689562621046,True,1689557521692,0.0,EXPIRE_MAKER,80171.0,0.00035,30269.18
BTCUSDT,1044074612,-1,6Ft6tAqeJwq8GZi7XgFY4g,30290.44,0.00027,0.0,0.0,EXPIRED_IN_MATCH,GTC,LIMIT,BUY,0.0,0.0,1689558241588,1689558361059,True,1689558241588,0.0,EXPIRE_MAKER,80167.0,0.00027,30290.44
BTCUSDT,1044075798,-1,etMajnfQIU8zbumnK2kFVQ,30298.0,0.00052,0.0,0.0,EXPIRED_IN_MATCH,GTC,LIMIT,SELL,0.0,0.0,1689558961164,1689559140956,True,1689558961164,0.0,EXPIRE_MAKER,80168.0,0.00052,30298.0
BTCUSDT,1044077122,-1,91YAD59k0wo2hWqrExktqg,30287.01,0.00023,0.0,0.0,EXPIRED_IN_MATCH,GTC,LIMIT,BUY,0.0,0.0,1689559561320,1689559621135,True,1689559561320,0.0,EXPIRE_MAKER,80169.0,0.00023,30287.01
BTCUSDT,1044077202,-1,f4dZLZ1o0QvVc2Aoe1JydP,30285.13,0.00022,0.0,0.0,EXPIRED_IN_MATCH,GTC,LIMIT,BUY,0.0,0.0,1689559621394,1689559921033,True,1689559621394,0.0,EXPIRE_MAKER,80170.0,0.00022,30285.13
BTCUSDT,1044081248,-1,F4IKGDnt00vpuUKGPZSMgh,30275.62,0.00016,0.0,0.0,EXPIRED_IN_MATCH,GTC,LIMIT,SELL,0.0,0.0,1689562801645,1689563101587,True,1689562801645,0.0,EXPIRE_MAKER,80173.0,0.00016,30275.62
BTCUSDT,1044081393,-1,bKqMQV2phHhOCiVyu3CUSM,30274.62,0.00015,0.0,0.0,EXPIRED_IN_MATCH,GTC,LIMIT,SELL,0.0,0.0,1689562861399,1689563101587,True,1689562861399,0.0,EXPIRE_MAKER,80172.0,0.00015,30274.62
BTCUSDT,1044083596,-1,uxkbclEOsvnAzDXyzacv2V,30277.03,0.00033,0.0,0.0,EXPIRED_IN_MATCH,GTC,LIMIT,BUY,0.0,0.0,1689564301448,1689564480941,True,1689564301448,0.0,EXPIRE_MAKER,80174.0,0.00033,30277.03
BTCUSDT,1044085844,-1,1QWssFUuKtxGjCn2TDGBhA,30298.75,0.00024,0.0,0.0,EXPIRED_IN_MATCH,GTC,LIMIT,SELL,0.0,0.0,1689565741792,1689565981015,True,1689565741792,0.0,EXPIRE_MAKER,80176.0,0.00024,30298.75
BTCUSDT,1044087583,-1,fXgSTYm9ooHoW3hIgSzxTf,30316.05,0.00027,0.0,0.0,EXPIRED_IN_MATCH,GTC,LIMIT,SELL,0.0,0.0,1689567481406,1689570301097,True,1689567481406,0.0,EXPIRE_MAKER,80177.0,0.00027,30316.05
BTCUSDT,1044090492,-1,WpXvcJ0BUG3xqw4kmfrJDO,30276.07,0.00062,0.00041,12.4131887,EXPIRED_IN_MATCH,GTC,LIMIT,BUY,0.0,0.0,1689569461812,1689573240833,True,1689569461812,0.0,EXPIRE_MAKER,80179.0,0.00021,30276.07
BTCUSDT,1044092286,-1,X1kdVQ8l3QUHnvnyFVh6Zm,30315.7,0.00046,0.0,0.0,EXPIRED_IN_MATCH,GTC,LIMIT,BUY,0.0,0.0,1689570841345,1689570901076,True,1689570841345,0.0,EXPIRE_MAKER,80178.0,0.00046,30315.7
BTCUSDT,1044094521,-1,Tna1WhNfoFkJhMfJYYFEi7,30275.33,0.00059,0.0,0.0,EXPIRED_IN_MATCH,GTC,LIMIT,BUY,0.0,0.0,1689572461630,1689573240833,True,1689572461630,0.0,EXPIRE_MAKER,80180.0,0.00059,30275.33
BTCUSDT,1044096756,-1,LiifACUXE2400ZBKtN557A,30269.09,0.00105,0.0,0.0,EXPIRED_IN_MATCH,GTC,LIMIT,BUY,0.0,0.0,1689574021204,1689574321051,True,1689574021204,0.0,EXPIRE_MAKER,80181.0,0.00105,30269.09
BTCUSDT,1044097259,-1,29q3Yy7AA8Bsl26kjygu4t,30276.05,0.00069,6e-05,1.816563,EXPIRED_IN_MATCH,GTC,LIMIT,BUY,0.0,0.0,1689574501058,1689574560899,True,1689574501058,0.0,EXPIRE_MAKER,80182.0,0.00063,30276.05
BTCUSDT,1044099351,-1,2jeW4lNuQ3eWLcOQghvdKY,30279.51,0.00056,0.0,0.0,EXPIRED_IN_MATCH,GTC,LIMIT,SELL,0.0,0.0,1689576121732,1689577201181,True,1689576121732,0.0,EXPIRE_MAKER,80184.0,0.00056,30279.51
BTCUSDT,1044100785,-1,vW3gOvGavD9GSXPBKVCire,30266.51,0.00051,0.0,0.0,EXPIRED_IN_MATCH,GTC,LIMIT,SELL,0.0,0.0,1689576421449,1689576541069,True,1689576421449,0.0,EXPIRE_MAKER,80183.0,0.00051,30266.51
BTCUSDT,1044101671,-1,dY9s78X84RdtYbW89d97ZH,30280.69,0.00045,0.0,0.0,EXPIRED_IN_MATCH,GTC,LIMIT,SELL,0.0,0.0,1689576841150,1689577201181,True,1689576841150,0.0,EXPIRE_MAKER,80185.0,0.00045,30280.69
BTCUSDT,1044101715,-1,pM3XYGbTEs8DLRysCeWtWp,30243.34,0.00075,0.0,0.0,EXPIRED_IN_MATCH,GTC,LIMIT,BUY,0.0,0.0,1689576901531,1689585180745,True,1689576901531,0.0,EXPIRE_MAKER,80209.0,0.00075,30243.34
BTCUSDT,1044103343,-1,g7m1eeHGWOVQQ7NpHGAA9i,30272.93,0.00026,0.0,0.0,EXPIRED_IN_MATCH,GTC,LIMIT,SELL,0.0,0.0,1689578401257,1689578521170,True,1689578401257,0.0,EXPIRE_MAKER,80186.0,0.00026,30272.93
BTCUSDT,1044103549,-1,MgSOUWcPazTfqwkG0NFVSX,30267.15,0.00053,0.0,0.0,EXPIRED_IN_MATCH,GTC,LIMIT,BUY,0.0,0.0,1689578641322,1689579181144,True,1689578641322,0.0,EXPIRE_MAKER,80187.0,0.00053,30267.15
BTCUSDT,1044105672,-1,5szwtfn6034b8CHVM9hdZA,30278.24,0.00045,0.00038,11.5057312,EXPIRED_IN_MATCH,GTC,LIMIT,SELL,0.0,0.0,1689579781083,1689579840977,True,1689579781083,0.0,EXPIRE_MAKER,80188.0,7e-05,30278.24
BTCUSDT,1044106004,-1,attphHN7hhxEOYVee5ueTI,30243.15,0.00067,0.0,0.0,EXPIRED_IN_MATCH,GTC,LIMIT,BUY,0.0,0.0,1689580020989,1689585180745,True,1689580020989,0.0,EXPIRE_MAKER,80210.0,0.00067,30243.15
BTCUSDT,1044106529,-1,Pgk5psAQTIrYmFX6Ks9BKb,30275.83,0.0004,0.0,0.0,EXPIRED_IN_MATCH,GTC,LIMIT,SELL,0.0,0.0,1689580441095,1689580740807,True,1689580441095,0.0,EXPIRE_MAKER,80189.0,0.0004,30275.83
BTCUSDT,1044106587,-1,KNABUZaYzdNvSIKOT8WTrF,30279.47,0.00038,0.0,0.0,EXPIRED_IN_MATCH,GTC,LIMIT,SELL,0.0,0.0,1689580501199,1689580740807,True,1689580501199,0.0,EXPIRE_MAKER,80191.0,0.00038,30279.47
BTCUSDT,1044106645,-1,REfZJNnQu1gCJ9BHnisHV9,30277.93,0.00036,0.0,0.0,EXPIRED_IN_MATCH,GTC,LIMIT,SELL,0.0,0.0,1689580561251,1689580740807,True,1689580561251,0.0,EXPIRE_MAKER,80190.0,0.00036,30277.93
BTCUSDT,1044106691,-1,KzvrRTQRj136oAEhKzdWzU,30260.44,0.00053,0.0,0.0,EXPIRED_IN_MATCH,GTC,LIMIT,BUY,0.0,0.0,1689580621221,1689584700929,True,1689580621221,0.0,EXPIRE_MAKER,80204.0,0.00053,30260.44
BTCUSDT,1044106728,-1,Xsy3zVcsRQeh2UmIh92WFQ,30260.43,0.0005,0.0,0.0,EXPIRED_IN_MATCH,GTC,LIMIT,BUY,0.0,0.0,1689580681836,1689584700929,True,1689580681836,0.0,EXPIRE_MAKER,80205.0,0.0005,30260.43
BTCUSDT,1044107909,-1,w1SYzELuuVuRPjLL7Nk9DA,30277.08,0.00048,0.0,0.0,EXPIRED_IN_MATCH,GTC,LIMIT,BUY,0.0,0.0,1689581221289,1689581461188,True,1689581221289,0.0,EXPIRE_MAKER,80193.0,0.00048,30277.08
BTCUSDT,1044107988,-1,iZ7IWMBWGL5nfgTdU3iTPu,30274.06,0.00046,0.0,0.0,EXPIRED_IN_MATCH,GTC,LIMIT,BUY,0.0,0.0,1689581281115,1689581461188,True,1689581281115,0.0,EXPIRE_MAKER,80194.0,0.00046,30274.06
BTCUSDT,1044108157,-1,1RlQsvv32Iy9p9QLR7ck8Z,30279.46,0.00043,0.0,0.0,EXPIRED_IN_MATCH,GTC,LIMIT,BUY,0.0,0.0,1689581401162,1689581461188,True,1689581401162,0.0,EXPIRE_MAKER,80192.0,0.00043,30279.46
BTCUSDT,1044108306,-1,Dy2GrXAmvwn4Iz7M0R7KUb,30277.13,0.00041,7e-05,2.1193991,EXPIRED_IN_MATCH,GTC,LIMIT,BUY,0.0,0.0,1689581461441,1689584100855,True,1689581461441,0.0,EXPIRE_MAKER,80200.0,0.00034,30277.13
BTCUSDT,1044108715,-1,QiOU5DhJnb4oLf9Sm43EDZ,30287.32,0.00037,0.0,0.0,EXPIRED_IN_MATCH,GTC,LIMIT,BUY,0.0,0.0,1689581821492,1689583861273,True,1689581821492,0.0,EXPIRE_MAKER,80199.0,0.00037,30287.32
BTCUSDT,1044108999,-1,iPUMH0lpDmOu6lkgxYxYSI,30290.35,0.00044,0.0,0.0,EXPIRED_IN_MATCH,GTC,LIMIT,BUY,0.0,0.0,1689582121171,1689583741135,True,1689582121171,0.0,EXPIRE_MAKER,80197.0,0.00044,30290.35
BTCUSDT,1044109135,-1,CaSuZGCETSiJzBcjUMQ39E,30287.38,0.00041,0.0,0.0,EXPIRED_IN_MATCH,GTC,LIMIT,BUY,0.0,0.0,1689582181075,1689583861273,True,1689582181075,0.0,EXPIRE_MAKER,80198.0,0.00041,30287.38
BTCUSDT,1044111142,-1,6KwY8UJPfPW4GDH6alfoQG,30298.36,0.00044,0.0,0.0,EXPIRED_IN_MATCH,GTC,LIMIT,BUY,0.0,0.0,1689583261095,1689583380906,True,1689583261095,0.0,EXPIRE_MAKER,80196.0,0.00044,30298.36
BTCUSDT,1044112929,-1,9eUyl7NHyeHytgBQY6XDXZ,30241.85,0.0006,0.0,0.0,EXPIRED_IN_MATCH,GTC,LIMIT,BUY,0.0,0.0,1689584101098,1689585180745,True,1689584101098,0.0,EXPIRE_MAKER,80212.0,0.0006,30241.85
BTCUSDT,1044113004,-1,qH1B36dq8BvPECAuTlXN2G,30274.13,0.00057,0.0,0.0,EXPIRED_IN_MATCH,GTC,LIMIT,BUY,0.0,0.0,1689584161174,1689584220805,True,1689584161174,0.0,EXPIRE_MAKER,80201.0,0.00057,30274.13
BTCUSDT,1044113414,-1,bIsq4SOU2hQqcuSVPL4jcp,30261.19,0.0006,0.0,0.0,EXPIRED_IN_MATCH,GTC,LIMIT,BUY,0.0,0.0,1689584401382,1689584700929,True,1689584401382,0.0,EXPIRE_MAKER,80202.0,0.0006,30261.19
BTCUSDT,1044113605,-1,7hIWuKUIzz7EESA4jcinMa,30260.5,0.00057,0.0,0.0,EXPIRED_IN_MATCH,GTC,LIMIT,BUY,0.0,0.0,1689584461201,1689584700929,True,1689584461201,0.0,EXPIRE_MAKER,80203.0,0.00057,30260.5
BTCUSDT,1044113789,-1,KVKTg49I8rPCF6QWHclRfD,30260.42,0.00054,0.0,0.0,EXPIRED_IN_MATCH,GTC,LIMIT,BUY,0.0,0.0,1689584521880,1689584700929,True,1689584521880,0.0,EXPIRE_MAKER,80206.0,0.00054,30260.42
BTCUSDT,1044113881,-1,NpZx5cYjhP2CB31yUaD7EH,30260.42,0.00051,0.0,0.0,EXPIRED_IN_MATCH,GTC,LIMIT,BUY,0.0,0.0,1689584581573,1689584700929,True,1689584581573,0.0,EXPIRE_MAKER,80207.0,0.00051,30260.42
BTCUSDT,1044114419,-1,2pFLO1Q7gnUrI2SBFImgId,30269.8,0.00063,0.0,0.0,EXPIRED_IN_MATCH,GTC,LIMIT,SELL,0.0,0.0,1689584821206,1689584941186,True,1689584821206,0.0,EXPIRE_MAKER,80208.0,0.00063,30269.8
BTCUSDT,1044114775,-1,4YrXEGOlC3DpMxk1TsdmjM,30243.13,0.00069,0.0,0.0,EXPIRED_IN_MATCH,GTC,LIMIT,BUY,0.0,0.0,1689585001413,1689585180745,True,1689585001413,0.0,EXPIRE_MAKER,80211.0,0.00069,30243.13
BTCUSDT,1044115948,-1,a2g9gbgsWmqzjKFLx2M0ej,30231.51,0.00078,0.0,0.0,EXPIRED_IN_MATCH,GTC,LIMIT,BUY,0.0,0.0,1689585362048,1689585840965,True,1689585362048,0.0,EXPIRE_MAKER,80215.0,0.00078,30231.51
BTCUSDT,1044116404,-1,KGSvAJtn7VgJ9hcCPE3YQH,30235.98,0.0007,0.0,0.0,EXPIRED_IN_MATCH,GTC,LIMIT,BUY,0.0,0.0,1689585541669,1689585781034,True,1689585541669,0.0,EXPIRE_MAKER,80214.0,0.0007,30235.98
BTCUSDT,1044116479,-1,x0oKJKnOYgtFoEIQLSg9yx,30255.58,0.00072,0.0,0.0,EXPIRED_IN_MATCH,GTC,LIMIT,SELL,0.0,0.0,1689585601104,1689585661216,True,1689585601104,0.0,EXPIRE_MAKER,80213.0,0.00072,30255.58
BTCUSDT,1044117076,-1,o3vha25FRS1od7uK3OcbGd,30240.2,0.00069,0.0,0.0,EXPIRED_IN_MATCH,GTC,LIMIT,SELL,0.0,0.0,1689585901243,1689586140788,True,1689585901243,0.0,EXPIRE_MAKER,80216.0,0.00069,30240.2
BTCUSDT,1044123957,-1,zZKG32GkwXp5hNB1piphzr,30172.82,0.00064,0.0,0.0,EXPIRED_IN_MATCH,GTC,LIMIT,BUY,0.0,0.0,1689587821334,1689589140968,True,1689587821334,0.0,EXPIRE_MAKER,80221.0,0.00064,30172.82
BTCUSDT,1044124773,-1,qNXh5k6ly8jv1lyeJYboZN,30172.03,0.00061,0.0,0.0,EXPIRED_IN_MATCH,GTC,LIMIT,BUY,0.0,0.0,1689588001181,1689589140968,True,1689588001181,0.0,EXPIRE_MAKER,80222.0,0.00061,30172.03
BTCUSDT,1044125689,-1,jlIKoToxV4DST6fNX3XoBo,30172.87,0.00052,0.0,0.0,EXPIRED_IN_MATCH,GTC,LIMIT,BUY,0.0,0.0,1689588301132,1689589140968,True,1689588301132,0.0,EXPIRE_MAKER,80220.0,0.00052,30172.87
BTCUSDT,1044139598,-1,YR9XWutGWfUSw7FemMzSK9,30056.24,0.00043,0.0,0.0,EXPIRED_IN_MATCH,GTC,LIMIT,BUY,0.0,0.0,1689590461239,1689596640915,True,1689590461239,0.0,EXPIRE_MAKER,80243.0,0.00043,30056.24
BTCUSDT,1044142958,-1,SYLd5Pj0Q98djmaSMOb0qa,30140.04,0.00035,0.0,0.0,EXPIRED_IN_MATCH,GTC,LIMIT,BUY,0.0,0.0,1689591181964,1689595440893,True,1689591181964,0.0,EXPIRE_MAKER,80241.0,0.00035,30140.04
BTCUSDT,1044146952,-1,uD0V0cSCkxUFoTD8iytoHF,30179.6,0.00026,0.0,0.0,EXPIRED_IN_MATCH,GTC,LIMIT,BUY,0.0,0.0,1689592141205,1689594781166,True,1689592141205,0.0,EXPIRE_MAKER,80240.0,0.00026,30179.6
BTCUSDT,1044147298,-1,N0xkvZdNkScSAe38asqaNT,30201.39,0.00025,0.0,0.0,EXPIRED_IN_MATCH,GTC,LIMIT,BUY,0.0,0.0,1689592261100,1689593580900,True,1689592261100,0.0,EXPIRE_MAKER,80237.0,0.00025,30201.39
BTCUSDT,1044148459,-1,4ZADyB0dVNVwdskLUjimBQ,30242.01,0.0002,1e-05,0.3024201,EXPIRED_IN_MATCH,GTC,LIMIT,BUY,0.0,0.0,1689592501230,1689592561099,True,1689592501230,0.0,EXPIRE_MAKER,80231.0,0.00019,30242.01
BTCUSDT,1044148663,-1,LDs1X7c0N2UPkMq6ahmDa2,30228.14,0.00019,0.0,0.0,EXPIRED_IN_MATCH,GTC,LIMIT,BUY,0.0,0.0,1689592561371,1689592681218,True,1689592561371,0.0,EXPIRE_MAKER,80232.0,0.00019,30228.14
BTCUSDT,1044149067,-1,mLu85hzCTPuXqvvsL6SqWo,30203.65,0.00018,0.0,0.0,EXPIRED_IN_MATCH,GTC,LIMIT,BUY,0.0,0.0,1689592681482,1689593580900,True,1689592681482,0.0,EXPIRE_MAKER,80235.0,0.00018,30203.65
BTCUSDT,1044150112,-1,ECq0NI2HMUYgCUkCT8Qmw6,30211.99,0.00016,0.0,0.0,EXPIRED_IN_MATCH,GTC,LIMIT,BUY,0.0,0.0,1689593101221,1689593220983,True,1689593101221,0.0,EXPIRE_MAKER,80234.0,0.00016,30211.99
BTCUSDT,1044150864,-1,V0MPL28vODqb8fHMoaAT9U,30202.03,0.00018,0.0,0.0,EXPIRED_IN_MATCH,GTC,LIMIT,BUY,0.0,0.0,1689593521295,1689593580900,True,1689593521295,0.0,EXPIRE_MAKER,80236.0,0.00018,30202.03
BTCUSDT,1044153620,-1,CSJRoHysNRs45KpV7xoScm,30206.1,0.00016,0.0,0.0,EXPIRED_IN_MATCH,GTC,LIMIT,BUY,0.0,0.0,1689594541283,1689594601376,True,1689594541283,0.0,EXPIRE_MAKER,80239.0,0.00016,30206.1
BTCUSDT,1044164105,-1,c807YzEF6sreaRRniqYfuA,30068.91,0.00032,0.0,0.0,EXPIRED_IN_MATCH,GTC,LIMIT,BUY,0.0,0.0,1689596941408,1689597001007,True,1689596941408,0.0,EXPIRE_MAKER,80244.0,0.00032,30068.91
BTCUSDT,1044166163,-1,KQSYEvv1PM5QGqjMCMVepj,30096.7,0.00034,0.0,0.0,EXPIRED_IN_MATCH,GTC,LIMIT,SELL,0.0,0.0,1689597301265,1689597361075,True,1689597301265,0.0,EXPIRE_MAKER,80245.0,0.00034,30096.7
BTCUSDT,1044172743,-1,NaGOaUp164RFTl9Y3RHGYl,30188.07,0.00023,0.0,0.0,EXPIRED_IN_MATCH,GTC,LIMIT,BUY,0.0,0.0,1689598921304,1689598981108,True,1689598921304,0.0,EXPIRE_MAKER,80246.0,0.00023,30188.07
BTCUSDT,1044184664,-1,0NUGJQCoyw9yUmZL7h4Znk,30306.22,0.00123,0.0,0.0,EXPIRED_IN_MATCH,GTC,LIMIT,SELL,0.0,0.0,1689601921435,1689602581102,True,1689601921435,0.0,EXPIRE_MAKER,80248.0,0.00123,30306.22
BTCUSDT,1044189463,-1,RO6AS6Pu0qa5IrHq52YT9P,30285.61,0.00075,0.0,0.0,EXPIRED_IN_MATCH,GTC,LIMIT,SELL,0.0,0.0,1689603061747,1689603661174,True,1689603061747,0.0,EXPIRE_MAKER,80249.0,0.00075,30285.61
BTCUSDT,1044196794,-1,GBgb5IBe8IunlMJS4xwdhp,30263.03,0.00021,0.0,0.0,EXPIRED_IN_MATCH,GTC,LIMIT,BUY,0.0,0.0,1689605341362,1689605580985,True,1689605341362,0.0,EXPIRE_MAKER,80250.0,0.00021,30263.03
BTCUSDT,1044200453,-1,zW472klRQdxfxHNdOgHlom,30273.0,0.00075,0.0,0.0,EXPIRED_IN_MATCH,GTC,LIMIT,SELL,0.0,0.0,1689606661380,1689606960961,True,1689606661380,0.0,EXPIRE_MAKER,80252.0,0.00075,30273.0
BTCUSDT,1044200757,-1,GIuQyvEA4UvqPS2DWHwQgv,30264.71,0.00071,0.0,0.0,EXPIRED_IN_MATCH,GTC,LIMIT,SELL,0.0,0.0,1689606721391,1689606901233,True,1689606721391,0.0,EXPIRE_MAKER,80251.0,0.00071,30264.71
BTCUSDT,1044208057,-1,BSubddsa45lW9jnYj7ahQ7,30163.89,0.00057,0.0,0.0,EXPIRED_IN_MATCH,GTC,LIMIT,SELL,0.0,0.0,1689608281105,1689608340913,True,1689608281105,0.0,EXPIRE_MAKER,80255.0,0.00057,30163.89
BTCUSDT,1044211248,-1,BEySRxEghOwV4Ak8XHP6W3,30157.02,0.0005,0.0,0.0,EXPIRED_IN_MATCH,GTC,LIMIT,BUY,0.0,0.0,1689609181243,1689609780788,True,1689609181243,0.0,EXPIRE_MAKER,80257.0,0.0005,30157.02
BTCUSDT,1044212911,-1,lRJVrf0gYXV9ZeT9GzNVNi,30157.86,0.00047,0.0,0.0,EXPIRED_IN_MATCH,GTC,LIMIT,BUY,0.0,0.0,1689609721021,1689609780788,True,1689609721021,0.0,EXPIRE_MAKER,80256.0,0.00047,30157.86
BTCUSDT,1044221126,-1,BdFLTUAMh9UubtSiTwKFmC,30157.37,0.00046,0.0,0.0,EXPIRED_IN_MATCH,GTC,LIMIT,SELL,0.0,0.0,1689611641711,1689613500927,True,1689611641711,0.0,EXPIRE_MAKER,80264.0,0.00046,30157.37
BTCUSDT,1044226694,-1,n0iX2sThk59lSepiGC405y,30141.78,0.00037,0.0,0.0,EXPIRED_IN_MATCH,GTC,LIMIT,SELL,0.0,0.0,1689612601331,1689613021158,True,1689612601331,0.0,EXPIRE_MAKER,80262.0,0.00037,30141.78
BTCUSDT,1044293561,-1,gCcROkl6QR5zaLsq0VUmZg,29902.54,0.00032,0.0,0.0,EXPIRED_IN_MATCH,GTC,LIMIT,BUY,0.0,0.0,1689622021196,1689622080941,True,1689622021196,0.0,EXPIRE_MAKER,80316.0,0.00032,29902.54
BTCUSDT,1044294779,-1,DbcVI1FKzsTh6cVJnHOR4N,29902.06,0.00029,0.0,0.0,EXPIRED_IN_MATCH,GTC,LIMIT,BUY,0.0,0.0,1689622261363,1689622381450,True,1689622261363,0.0,EXPIRE_MAKER,80318.0,0.00029,29902.06
BTCUSDT,1044297585,-1,KFAtI7T3tUp637iNowIdK3,29937.09,0.00024,0.0,0.0,EXPIRED_IN_MATCH,GTC,LIMIT,SELL,0.0,0.0,1689622861244,1689624240960,True,1689622861244,0.0,EXPIRE_MAKER,80320.0,0.00024,29937.09
BTCUSDT,1044305669,-1,7HIrHp4qq18Cjy8AFhwERI,29952.19,0.00065,0.0,0.0,EXPIRED_IN_MATCH,GTC,LIMIT,BUY,0.0,0.0,1689624661468,1689624721109,True,1689624661468,0.0,EXPIRE_MAKER,80321.0,0.00065,29952.19
BTCUSDT,1044306321,-1,awWtnIzQClo4SPWBB6u1q1,29928.92,0.00058,0.0,0.0,EXPIRED_IN_MATCH,GTC,LIMIT,BUY,0.0,0.0,1689624901315,1689625560822,True,1689624901315,0.0,EXPIRE_MAKER,80323.0,0.00058,29928.92
BTCUSDT,1044308661,-1,4TKg3cq2rgHAwjiYpN3MOD,29929.82,0.00056,0.0,0.0,EXPIRED_IN_MATCH,GTC,LIMIT,BUY,0.0,0.0,1689625381488,1689625560822,True,1689625381488,0.0,EXPIRE_MAKER,80322.0,0.00056,29929.82
BTCUSDT,1044313885,-1,R8mO3sriHy7p24AcVpIBq4,29938.69,0.00023,0.0,0.0,EXPIRED_IN_MATCH,GTC,LIMIT,SELL,0.0,0.0,1689626761616,1689626821280,True,1689626761616,0.0,EXPIRE_MAKER,80326.0,0.00023,29938.69
BTCUSDT,1044314534,-1,cZfl7i6nRuGzvoMlYeMvKW,29931.21,0.00021,0.0,0.0,EXPIRED_IN_MATCH,GTC,LIMIT,SELL,0.0,0.0,1689626941339,1689627421092,True,1689626941339,0.0,EXPIRE_MAKER,80327.0,0.00021,29931.21
BTCUSDT,1044325616,-1,IIQr6yZAFMwbLkK79rMy3C,30041.59,0.00061,0.0,0.0,EXPIRED_IN_MATCH,GTC,LIMIT,BUY,0.0,0.0,1689629281507,1689629581129,True,1689629281507,0.0,EXPIRE_MAKER,80333.0,0.00061,30041.59
BTCUSDT,1044326128,-1,eSUMe3SjLLnjmU5XgrtXtB,30041.22,0.00058,0.0,0.0,EXPIRED_IN_MATCH,GTC,LIMIT,BUY,0.0,0.0,1689629401609,1689629581129,True,1689629401609,0.0,EXPIRE_MAKER,80334.0,0.00058,30041.22
BTCUSDT,1044326386,-1,D76xrWGAFGIIS5v3cm3wtM,30042.01,0.00055,0.0004,12.016804,EXPIRED_IN_MATCH,GTC,LIMIT,BUY,0.0,0.0,1689629521396,1689629581129,True,1689629521396,0.0,EXPIRE_MAKER,80332.0,0.00015,30042.01
BTCUSDT,1044342046,-1,OPAlXkRoMfMSw8SI5sTTmc,30207.07,0.00036,0.0,0.0,EXPIRED_IN_MATCH,GTC,LIMIT,BUY,0.0,0.0,1689633121617,1689633181024,True,1689633121617,0.0,EXPIRE_MAKER,80336.0,0.00036,30207.07
BTCUSDT,1044342897,-1,sTgtvwLFZyJwSgDOQ0CIvP,30183.1,0.00045,0.0,0.0,EXPIRED_IN_MATCH,GTC,LIMIT,BUY,0.0,0.0,1689633361413,1689633421305,True,1689633361413,0.0,EXPIRE_MAKER,80337.0,0.00045,30183.1
BTCUSDT,1044349677,-1,3QwQdSpPGDoURkUi2Vm8h1,30118.84,0.00038,0.0,0.0,EXPIRED_IN_MATCH,GTC,LIMIT,BUY,0.0,0.0,1689635641734,1689635701020,True,1689635641734,0.0,EXPIRE_MAKER,80340.0,0.00038,30118.84
BTCUSDT,1044355734,-1,GG0wldJudQM78Ya5hIR9Xb,30124.5,0.00033,0.0,0.0,EXPIRED_IN_MATCH,GTC,LIMIT,BUY,0.0,0.0,1689638821381,1689639421123,True,1689638821381,0.0,EXPIRE_MAKER,80343.0,0.00033,30124.5
BTCUSDT,1044356040,-1,uPomkuUeu5Qy4QY9UbjE1D,30182.03,0.00055,0.0,0.0,EXPIRED_IN_MATCH,GTC,LIMIT,SELL,0.0,0.0,1689638941430,1689640141081,True,1689638941430,0.0,EXPIRE_MAKER,80345.0,0.00055,30182.03
BTCUSDT,1044358546,-1,sgL3fhGwemO9hiyC78L4Bn,30209.42,0.00092,0.0,0.0,EXPIRED_IN_MATCH,GTC,LIMIT,SELL,0.0,0.0,1689640141351,1689645120931,True,1689640141351,0.0,EXPIRE_MAKER,80346.0,0.00092,30209.42
BTCUSDT,1044368461,-1,XOEEm8SQviyP2EKgjXcbvl,30168.96,0.00026,0.0,0.0,EXPIRED_IN_MATCH,GTC,LIMIT,BUY,0.0,0.0,1689644521415,1689646561065,True,1689644521415,0.0,EXPIRE_MAKER,80350.0,0.00026,30168.96
BTCUSDT,1044368743,-1,R0IZiKTffNxuP1hHzFOJAQ,30169.39,0.00025,0.0,0.0,EXPIRED_IN_MATCH,GTC,LIMIT,BUY,0.0,0.0,1689644641292,1689646561065,True,1689644641292,0.0,EXPIRE_MAKER,80349.0,0.00025,30169.39
BTCUSDT,1044370904,-1,LOShQv4EYx1BVXPAfFAhNK,30172.31,0.00025,0.0,0.0,EXPIRED_IN_MATCH,GTC,LIMIT,BUY,0.0,0.0,1689645601491,1689646561065,True,1689645601491,0.0,EXPIRE_MAKER,80348.0,0.00025,30172.31
BTCUSDT,1044371058,-1,oxF5QYtYKYg2O7q2jLIPcQ,30211.76,0.00105,0.0,0.0,EXPIRED_IN_MATCH,GTC,LIMIT,SELL,0.0,0.0,1689645661625,1689645780980,True,1689645661625,0.0,EXPIRE_MAKER,80347.0,0.00105,30211.76
BTCUSDT,1044380355,-1,oiCKV26uXlfaJDxZqCmR3a,30156.17,0.00054,0.0,0.0,EXPIRED_IN_MATCH,GTC,LIMIT,SELL,0.0,0.0,1689650041971,1689650101073,True,1689650041971,0.0,EXPIRE_MAKER,80351.0,0.00054,30156.17
BTCUSDT,1044380392,-1,fCYCZoPQfafzZkMXHaUKff,30156.17,0.00051,0.0,0.0,EXPIRED_IN_MATCH,GTC,LIMIT,SELL,0.0,0.0,1689650101356,1689650161091,True,1689650101356,0.0,EXPIRE_MAKER,80352.0,0.00051,30156.17
BTCUSDT,1044384487,-1,1Trnm4pa6Zfg0Pm0scSHNP,30126.06,0.0003,0.0,0.0,EXPIRED_IN_MATCH,GTC,LIMIT,BUY,0.0,0.0,1689651182017,1689651541190,True,1689651182017,0.0,EXPIRE_MAKER,80355.0,0.0003,30126.06
BTCUSDT,1044385257,-1,dEAfcosEQO8hXQKgXeGnyD,30128.59,0.00028,0.0,0.0,EXPIRED_IN_MATCH,GTC,LIMIT,BUY,0.0,0.0,1689651361322,1689651541190,True,1689651361322,0.0,EXPIRE_MAKER,80354.0,0.00028,30128.59
BTCUSDT,1044385448,-1,zjUqNBK2J7TbjbdLOS6Mlx,30130.2,0.00027,0.0,0.0,EXPIRED_IN_MATCH,GTC,LIMIT,BUY,0.0,0.0,1689651421434,1689651541190,True,1689651421434,0.0,EXPIRE_MAKER,80353.0,0.00027,30130.2
BTCUSDT,1044387785,-1,DWA23SkUcXU7CCou6qOG7x,30126.57,0.00041,0.0,0.0,EXPIRED_IN_MATCH,GTC,LIMIT,SELL,0.0,0.0,1689651841181,1689656401381,True,1689651841181,0.0,EXPIRE_MAKER,80365.0,0.00041,30126.57
BTCUSDT,1044389916,-1,EXa4dtW0gAFEi0pwG6TDOv,30082.02,0.00042,0.00019,5.7155838,EXPIRED_IN_MATCH,GTC,LIMIT,BUY,0.0,0.0,1689652561391,1689653461127,True,1689652561391,0.0,EXPIRE_MAKER,80357.0,0.00023,30082.02
BTCUSDT,1044390485,-1,IH6PchC4cYUTIDiUP80m0i,30080.41,0.00038,0.0,0.0,EXPIRED_IN_MATCH,GTC,LIMIT,BUY,0.0,0.0,1689652681393,1689653461127,True,1689652681393,0.0,EXPIRE_MAKER,80358.0,0.00038,30080.41
BTCUSDT,1044390653,-1,iHQNwpe5w4WaCeIoXQcqnz,30078.29,0.00034,0.0,0.0,EXPIRED_IN_MATCH,GTC,LIMIT,BUY,0.0,0.0,1689652801487,1689653461127,True,1689652801487,0.0,EXPIRE_MAKER,80359.0,0.00034,30078.29
BTCUSDT,1044391010,-1,3yjYjYaOurzVGaXyqc96zx,30126.33,0.0003,0.00011,3.3138963,EXPIRED_IN_MATCH,GTC,LIMIT,SELL,0.0,0.0,1689653041449,1689656401381,True,1689653041449,0.0,EXPIRE_MAKER,80364.0,0.00019,30126.33
BTCUSDT,1044391157,-1,dejv0npfFgraeP6kvB9kIq,30127.09,0.00029,0.0,0.0,EXPIRED_IN_MATCH,GTC,LIMIT,SELL,0.0,0.0,1689653161177,1689656401381,True,1689653161177,0.0,EXPIRE_MAKER,80366.0,0.00029,30127.09
BTCUSDT,1044396089,-1,ydBxY6oAG59GmIexR8DsiT,30071.69,0.0004,0.0,0.0,EXPIRED_IN_MATCH,GTC,LIMIT,BUY,0.0,0.0,1689654361417,1689654661396,True,1689654361417,0.0,EXPIRE_MAKER,80360.0,0.0004,30071.69
BTCUSDT,1044397715,-1,23VY2G7chorXXEY246QNUy,30073.16,0.00032,0.0,0.0,EXPIRED_IN_MATCH,GTC,LIMIT,BUY,0.0,0.0,1689654841287,1689658621443,True,1689654841287,0.0,EXPIRE_MAKER,80371.0,0.00032,30073.16
BTCUSDT,1044397973,-1,XfgTOugN5NIBt30gVyBCc6,30078.7,0.00031,0.0,0.0,EXPIRED_IN_MATCH,GTC,LIMIT,BUY,0.0,0.0,1689654901391,1689657841154,True,1689654901391,0.0,EXPIRE_MAKER,80369.0,0.00031,30078.7
BTCUSDT,1044398091,-1,pJz6NRhufd84nlPlbb2vku,30098.96,0.00029,0.0,0.0,EXPIRED_IN_MATCH,GTC,LIMIT,BUY,0.0,0.0,1689654961415,1689655081150,True,1689654961415,0.0,EXPIRE_MAKER,80361.0,0.00029,30098.96
BTCUSDT,1044398197,-1,PuUlhlQD4E3AXzLopwykhD,30090.77,0.00028,0.0,0.0,EXPIRED_IN_MATCH,GTC,LIMIT,BUY,0.0,0.0,1689655081428,1689655321000,True,1689655081428,0.0,EXPIRE_MAKER,80362.0,0.00028,30090.77
BTCUSDT,1044398569,-1,3tYjFUVevRLTk43FEpcZ6O,30113.0,0.00035,0.0,0.0,EXPIRED_IN_MATCH,GTC,LIMIT,SELL,0.0,0.0,1689655262044,1689655681193,True,1689655262044,0.0,EXPIRE_MAKER,80363.0,0.00035,30113.0
BTCUSDT,1044399023,-1,FwOKdj4Mfpdmfhi46yCCpT,30073.46,0.00022,9e-05,2.7066114,EXPIRED_IN_MATCH,GTC,LIMIT,BUY,0.0,0.0,1689655561532,1689658621443,True,1689655561532,0.0,EXPIRE_MAKER,80370.0,0.00013,30073.46
BTCUSDT,1044400085,-1,yEQifgGBT8iWeW6yH48Fsh,30107.03,0.00018,0.0,0.0,EXPIRED_IN_MATCH,GTC,LIMIT,BUY,0.0,0.0,1689656281570,1689656581269,True,1689656281570,0.0,EXPIRE_MAKER,80368.0,0.00018,30107.03
BTCUSDT,1044400131,-1,f3JJtKSoOMBKhep2mfl7ql,30128.64,0.0003,0.0,0.0,EXPIRED_IN_MATCH,GTC,LIMIT,SELL,0.0,0.0,1689656341419,1689656401381,True,1689656341419,0.0,EXPIRE_MAKER,80367.0,0.0003,30128.64
BTCUSDT,1044409236,-1,wsvbKKsfTqT5K74jpQVsGO,30065.93,0.00018,0.0,0.0,EXPIRED_IN_MATCH,GTC,LIMIT,SELL,0.0,0.0,1689659641439,1689660421021,True,1689659641439,0.0,EXPIRE_MAKER,80372.0,0.00018,30065.93
BTCUSDT,1044411081,-1,qmDjumFVvA1tNWqxAZRwf3,30060.68,0.00041,0.0,0.0,EXPIRED_IN_MATCH,GTC,LIMIT,BUY,0.0,0.0,1689660661385,1689660901307,True,1689660661385,0.0,EXPIRE_MAKER,80374.0,0.00041,30060.68
BTCUSDT,1044414798,-1,dyltXlDL7saXZInCKnx3UM,30069.01,0.00016,0.0,0.0,EXPIRED_IN_MATCH,GTC,LIMIT,SELL,0.0,0.0,1689662221374,1689668881026,True,1689662221374,0.0,EXPIRE_MAKER,80389.0,0.00016,30069.01
BTCUSDT,1044425482,-1,2L8L2RIaxmWN9guOadqEYO,30027.03,0.00063,0.0,0.0,EXPIRED_IN_MATCH,GTC,LIMIT,BUY,0.0,0.0,1689664441527,1689664501322,True,1689664441527,0.0,EXPIRE_MAKER,80378.0,0.00063,30027.03
BTCUSDT,1044426676,-1,48ERYd9zwHjnQMbtqhtKl6,30032.19,0.0006,0.0,0.0,EXPIRED_IN_MATCH,GTC,LIMIT,BUY,0.0,0.0,1689664981634,1689665101228,True,1689664981634,0.0,EXPIRE_MAKER,80379.0,0.0006,30032.19
BTCUSDT,1044426760,-1,9jflUnDE8ObfrWbVj2R9KE,30048.22,0.00031,0.0,0.0,EXPIRED_IN_MATCH,GTC,LIMIT,SELL,0.0,0.0,1689665041392,1689665281136,True,1689665041392,0.0,EXPIRE_MAKER,80380.0,0.00031,30048.22
BTCUSDT,1044432777,-1,tWSfs4UUpr75rPJMKVJcPK,29961.83,0.00017,0.0,0.0,EXPIRED_IN_MATCH,GTC,LIMIT,SELL,0.0,0.0,1689666601452,1689666661196,True,1689666601452,0.0,EXPIRE_MAKER,80381.0,0.00017,29961.83
BTCUSDT,1044433719,-1,Dnc4Ay913i2nhZW4nAG583,29947.57,0.00075,0.0,0.0,EXPIRED_IN_MATCH,GTC,LIMIT,BUY,0.0,0.0,1689667021447,1689667381034,True,1689667021447,0.0,EXPIRE_MAKER,80382.0,0.00075,29947.57
BTCUSDT,1044434035,-1,ko7OHcufL45G5Vdnh1M4RC,29978.64,0.00015,0.0,0.0,EXPIRED_IN_MATCH,GTC,LIMIT,SELL,0.0,0.0,1689667141333,1689668701088,True,1689667141333,0.0,EXPIRE_MAKER,80383.0,0.00015,29978.64
BTCUSDT,1044447040,-1,9UiBB9qly18g6IeAoucMvP,30045.15,0.00042,0.0,0.0,EXPIRED_IN_MATCH,GTC,LIMIT,SELL,0.0,0.0,1689669721503,1689669841766,True,1689669721503,0.0,EXPIRE_MAKER,80390.0,0.00042,30045.15
BTCUSDT,1044453495,-1,ixE6MGKab2yxFDTYoxTcvb,29992.01,0.00081,0.0,0.0,EXPIRED_IN_MATCH,GTC,LIMIT,BUY,0.0,0.0,1689671761616,1689671821501,True,1689671761616,0.0,EXPIRE_MAKER,80392.0,0.00081,29992.01
BTCUSDT,1044453907,-1,0ek3kBU6BkLDDYBqMrkZTK,29967.42,0.00069,0.0,0.0,EXPIRED_IN_MATCH,GTC,LIMIT,BUY,0.0,0.0,1689671941669,1689674101166,True,1689671941669,0.0,EXPIRE_MAKER,80400.0,0.00069,29967.42
BTCUSDT,1044455784,-1,YRyWrTdp6QX3wYOOzfwKVN,29993.68,0.00061,0.0,0.0,EXPIRED_IN_MATCH,GTC,LIMIT,BUY,0.0,0.0,1689672721648,1689672780944,True,1689672721648,0.0,EXPIRE_MAKER,80393.0,0.00061,29993.68
BTCUSDT,1044456163,-1,lwC5qy2axfCuzHyBNSokuQ,30002.94,0.00025,0.0,0.0,EXPIRED_IN_MATCH,GTC,LIMIT,SELL,0.0,0.0,1689672901858,1689672960865,True,1689672901858,0.0,EXPIRE_MAKER,80394.0,0.00025,30002.94
BTCUSDT,1044457159,-1,lHoOpgEC6HVficuvUup3fh,29976.55,0.0007,0.0,0.0,EXPIRED_IN_MATCH,GTC,LIMIT,BUY,0.0,0.0,1689673321563,1689673740923,True,1689673321563,0.0,EXPIRE_MAKER,80395.0,0.0007,29976.55
BTCUSDT,1044457269,-1,BCglhKEtyiPhUVGyjKnYo9,29976.55,0.00067,0.0,0.0,EXPIRED_IN_MATCH,GTC,LIMIT,BUY,0.0,0.0,1689673381431,1689673740923,True,1689673381431,0.0,EXPIRE_MAKER,80396.0,0.00067,29976.55
BTCUSDT,1044457363,-1,8FugcNBfbp5AhySspXaOwm,29975.28,0.00063,0.0,0.0,EXPIRED_IN_MATCH,GTC,LIMIT,BUY,0.0,0.0,1689673441274,1689673740923,True,1689673441274,0.0,EXPIRE_MAKER,80397.0,0.00063,29975.28
BTCUSDT,1044457790,-1,PAIF8EvYEP9MdtcRrQt2EO,29974.82,0.00058,0.00042,12.5894244,EXPIRED_IN_MATCH,GTC,LIMIT,BUY,0.0,0.0,1689673681322,1689674040829,True,1689673681322,0.0,EXPIRE_MAKER,80398.0,0.00016,29974.82
BTCUSDT,1044457891,-1,bmxEUMrHTYF1nrzMO1GX70,29973.82,0.00066,0.0,0.0,EXPIRED_IN_MATCH,GTC,LIMIT,BUY,0.0,0.0,1689673741320,1689674040829,True,1689673741320,0.0,EXPIRE_MAKER,80399.0,0.00066,29973.82
BTCUSDT,1044458032,-1,ARg8G6VeVFQYmfViLNiLSZ,30002.84,0.0003,0.0,0.0,EXPIRED_IN_MATCH,GTC,LIMIT,SELL,0.0,0.0,1689673801298,1689676980971,True,1689673801298,0.0,EXPIRE_MAKER,80404.0,0.0003,30002.84
BTCUSDT,1044458486,-1,mGchdNjtS0isVxaMqrR47n,29985.06,0.00026,0.0,0.0,EXPIRED_IN_MATCH,GTC,LIMIT,SELL,0.0,0.0,1689673981289,1689676741283,True,1689673981289,0.0,EXPIRE_MAKER,80402.0,0.00026,29985.06
BTCUSDT,1044460617,-1,X6pPpShNNeVqetkQhL5py0,29957.99,0.00029,0.0,0.0,EXPIRED_IN_MATCH,GTC,LIMIT,SELL,0.0,0.0,1689674701414,1689674821413,True,1689674701414,0.0,EXPIRE_MAKER,80401.0,0.00029,29957.99
BTCUSDT,1044465479,-1,FNrAuMujUU2i7x83Axg8vt,29994.24,0.00021,0.0,0.0,EXPIRED_IN_MATCH,GTC,LIMIT,SELL,0.0,0.0,1689676681490,1689676920829,True,1689676681490,0.0,EXPIRE_MAKER,80403.0,0.00021,29994.24
BTCUSDT,1044467105,-1,L78ETQkixFiOGksiW8Prky,29998.12,0.00066,0.0,0.0,EXPIRED_IN_MATCH,GTC,LIMIT,BUY,0.0,0.0,1689677402644,1689677761037,True,1689677402644,0.0,EXPIRE_MAKER,80406.0,0.00066,29998.12
BTCUSDT,1044467245,-1,jzWNW51hx3TIaSphQB28A7,29999.12,0.00063,0.0,0.0,EXPIRED_IN_MATCH,GTC,LIMIT,BUY,0.0,0.0,1689677461287,1689677761037,True,1689677461287,0.0,EXPIRE_MAKER,80405.0,0.00063,29999.12
BTCUSDT,1044468623,-1,Gbh9XPm7cG46gsAVXddKYD,30012.97,0.00037,0.0,0.0,EXPIRED_IN_MATCH,GTC,LIMIT,SELL,0.0,0.0,1689677941229,1689679861295,True,1689677941229,0.0,EXPIRE_MAKER,80412.0,0.00037,30012.97
BTCUSDT,1044469233,-1,ZZH7Luu5lmFfaVUdkCzJDF,29995.63,0.00051,0.0,0.0,EXPIRED_IN_MATCH,GTC,LIMIT,BUY,0.0,0.0,1689678121335,1689678180845,True,1689678121335,0.0,EXPIRE_MAKER,80407.0,0.00051,29995.63
BTCUSDT,1044469397,-1,CRTecETMQeXSSXiAtLfY5B,29990.79,0.00049,0.0,0.0,EXPIRED_IN_MATCH,GTC,LIMIT,BUY,0.0,0.0,1689678181086,1689678781344,True,1689678181086,0.0,EXPIRE_MAKER,80408.0,0.00049,29990.79
BTCUSDT,1044470501,-1,Gj9zlYNmMALKTzP4eGtEZC,29994.87,0.00038,0.0,0.0,EXPIRED_IN_MATCH,GTC,LIMIT,BUY,0.0,0.0,1689679021607,1689679080801,True,1689679021607,0.0,EXPIRE_MAKER,80409.0,0.00038,29994.87
BTCUSDT,1044470836,-1,fRLiThG8KpotJUtvv1flnC,29995.68,0.00046,0.0,0.0,EXPIRED_IN_MATCH,GTC,LIMIT,BUY,0.0,0.0,1689679201401,1689680281132,True,1689679201401,0.0,EXPIRE_MAKER,80417.0,0.00046,29995.68
BTCUSDT,1044472552,-1,jLbblJTt2uUGbW4JB9tCxL,30012.2,0.00025,0.00014,4.201708,EXPIRED_IN_MATCH,GTC,LIMIT,SELL,0.0,0.0,1689679623885,1689679861295,True,1689679623885,0.0,EXPIRE_MAKER,80410.0,0.00011,30012.2
BTCUSDT,1044472607,-1,EIhEQDCcvQBmgmGlfzLYpV,30012.2,0.00024,0.0,0.0,EXPIRED_IN_MATCH,GTC,LIMIT,SELL,0.0,0.0,1689679681112,1689679861295,True,1689679681112,0.0,EXPIRE_MAKER,80411.0,0.00024,30012.2
BTCUSDT,1044472826,-1,J55cQIyaGlCHELPlmlW6NO,30006.29,0.00036,0.0,0.0,EXPIRED_IN_MATCH,GTC,LIMIT,BUY,0.0,0.0,1689679801384,1689680161310,True,1689679801384,0.0,EXPIRE_MAKER,80415.0,0.00036,30006.29
BTCUSDT,1044473178,-1,lq78HUQyAFEv33xBx4xAzr,30019.08,0.00037,0.0,0.0,EXPIRED_IN_MATCH,GTC,LIMIT,BUY,0.0,0.0,1689679921774,1689680100939,True,1689679921774,0.0,EXPIRE_MAKER,80413.0,0.00037,30019.08
BTCUSDT,1044473210,-1,xfRaatWIfaHgr53PeWNZ3p,30000.48,0.00036,0.0,0.0,EXPIRED_IN_MATCH,GTC,LIMIT,BUY,0.0,0.0,1689679982049,1689680281132,True,1689679982049,0.0,EXPIRE_MAKER,80416.0,0.00036,30000.48
BTCUSDT,1044473498,-1,7QaZIBFL5I2sZhX2ieYIxf,30006.3,0.00042,0.0,0.0,EXPIRED_IN_MATCH,GTC,LIMIT,BUY,0.0,0.0,1689680101178,1689680161310,True,1689680101178,0.0,EXPIRE_MAKER,80414.0,0.00042,30006.3
BTCUSDT,1044475713,-1,4tjSVy1H4tb04PkTq5p2Em,29987.97,0.00042,0.0,0.0,EXPIRED_IN_MATCH,GTC,LIMIT,SELL,0.0,0.0,1689680821179,1689680881071,True,1689680821179,0.0,EXPIRE_MAKER,80418.0,0.00042,29987.97
BTCUSDT,1044484254,-1,6itXbQ9KmDSAG4jaJ4pYwy,29930.41,0.00034,0.0,0.0,EXPIRED_IN_MATCH,GTC,LIMIT,SELL,0.0,0.0,1689682261133,1689690181200,True,1689682261133,0.0,EXPIRE_MAKER,80422.0,0.00034,29930.41
BTCUSDT,1044541189,-1,sCDKkhloBbcKdBnAkCdBcz,29907.02,0.0006,0.0,0.0,EXPIRED_IN_MATCH,GTC,LIMIT,BUY,0.0,0.0,1689692341421,1689692461001,True,1689692341421,0.0,EXPIRE_MAKER,80424.0,0.0006,29907.02
BTCUSDT,1044551713,-1,FKROjTt7dGW3EipFzTD5rP,29863.68,0.00034,0.00022,6.5700096,EXPIRED_IN_MATCH,GTC,LIMIT,SELL,0.0,0.0,1689695341462,1689695761180,True,1689695341462,0.0,EXPIRE_MAKER,80425.0,0.00012,29863.68
BTCUSDT,1044578782,-1,lxHJGHbxkkVFE3fwQZ7tfz,29705.49,0.00072,0.0,0.0,EXPIRED_IN_MATCH,GTC,LIMIT,BUY,0.0,0.0,1689701281355,1689701761284,True,1689701281355,0.0,EXPIRE_MAKER,80429.0,0.00072,29705.49
BTCUSDT,1044578966,-1,OmWJJu5BLYct3zgYzE95Zb,29705.48,0.00068,0.0,0.0,EXPIRED_IN_MATCH,GTC,LIMIT,BUY,0.0,0.0,1689701341211,1689701761284,True,1689701341211,0.0,EXPIRE_MAKER,80430.0,0.00068,29705.48
BTCUSDT,1044579112,-1,ku84gcS6wCu4x7qi36T8fL,29708.88,0.00065,0.0,0.0,EXPIRED_IN_MATCH,GTC,LIMIT,BUY,0.0,0.0,1689701401715,1689701640848,True,1689701401715,0.0,EXPIRE_MAKER,80428.0,0.00065,29708.88
BTCUSDT,1044584055,-1,HPx6m7zmpWjN415xkK0UQ1,29845.57,0.00047,0.0,0.0,EXPIRED_IN_MATCH,GTC,LIMIT,SELL,0.0,0.0,1689702661195,1689703860890,True,1689702661195,0.0,EXPIRE_MAKER,80435.0,0.00047,29845.57
BTCUSDT,1044587077,-1,AaL5HCf9Hdo35IoKZv6sHe,29791.59,0.00038,0.0,0.0,EXPIRED_IN_MATCH,GTC,LIMIT,BUY,0.0,0.0,1689703501212,1689703560967,True,1689703501212,0.0,EXPIRE_MAKER,80434.0,0.00038,29791.59
BTCUSDT,1044589385,-1,VWPoHC1ihiEIozQwjqTcT4,29868.78,0.00031,0.0,0.0,EXPIRED_IN_MATCH,GTC,LIMIT,BUY,0.0,0.0,1689704041318,1689704100896,True,1689704041318,0.0,EXPIRE_MAKER,80436.0,0.00031,29868.78
BTCUSDT,1044596021,-1,VGfxm9EYbxwYa2FyRDUKci,29853.46,0.00028,0.0,0.0,EXPIRED_IN_MATCH,GTC,LIMIT,BUY,0.0,0.0,1689705601446,1689705721450,True,1689705601446,0.0,EXPIRE_MAKER,80437.0,0.00028,29853.46
BTCUSDT,1044596217,-1,sl8iJ3VIiS4z2zO5ttz0tp,29852.49,0.00027,0.0,0.0,EXPIRED_IN_MATCH,GTC,LIMIT,BUY,0.0,0.0,1689705661717,1689705721450,True,1689705661717,0.0,EXPIRE_MAKER,80438.0,0.00027,29852.49
BTCUSDT,1044601826,-1,uIiV0AQLIhzyFcs16BrXhy,29894.42,0.00077,0.0,0.0,EXPIRED_IN_MATCH,GTC,LIMIT,SELL,0.0,0.0,1689707461898,1689707521336,True,1689707461898,0.0,EXPIRE_MAKER,80442.0,0.00077,29894.42
BTCUSDT,1044603901,-1,XXi7FBpZ0yA3TJx1pBeq3v,29872.9,0.00026,0.0,0.0,EXPIRED_IN_MATCH,GTC,LIMIT,BUY,0.0,0.0,1689707821354,1689707881518,True,1689707821354,0.0,EXPIRE_MAKER,80443.0,0.00026,29872.9
BTCUSDT,1044608366,-1,03SohxwpYrwyBxUEXvcsEt,29787.03,0.00041,0.0,0.0,EXPIRED_IN_MATCH,GTC,LIMIT,BUY,0.0,0.0,1689708901381,1689708961126,True,1689708901381,0.0,EXPIRE_MAKER,80444.0,0.00041,29787.03
BTCUSDT,1044615233,-1,RiFsRqC8G3aScNB2bHkQud,29757.48,0.00048,0.0,0.0,EXPIRED_IN_MATCH,GTC,LIMIT,BUY,0.0,0.0,1689710761333,1689710821219,True,1689710761333,0.0,EXPIRE_MAKER,80446.0,0.00048,29757.48
BTCUSDT,1044622737,-1,uTL0c6W5KOWYibBcOgHLhw,29798.53,0.00049,0.0,0.0,EXPIRED_IN_MATCH,GTC,LIMIT,SELL,0.0,0.0,1689713101442,1689713161033,True,1689713101442,0.0,EXPIRE_MAKER,80447.0,0.00049,29798.53
BTCUSDT,1044623563,-1,GgBHZLI2wdFNlE8IYOrDP2,29793.1,0.00038,0.0,0.0,EXPIRED_IN_MATCH,GTC,LIMIT,SELL,0.0,0.0,1689713461447,1689714121003,True,1689713461447,0.0,EXPIRE_MAKER,80452.0,0.00038,29793.1
BTCUSDT,1044623995,-1,vGp5c3zItQyAP9mq0kvRsz,29785.33,0.00038,0.00022,6.5527726,EXPIRED_IN_MATCH,GTC,LIMIT,SELL,0.0,0.0,1689713641220,1689713701311,True,1689713641220,0.0,EXPIRE_MAKER,80449.0,0.00016,29785.33
BTCUSDT,1044624449,-1,4Z6FLwOJpWNuBvhQxDW74E,29791.86,0.00032,0.0,0.0,EXPIRED_IN_MATCH,GTC,LIMIT,SELL,0.0,0.0,1689713881720,1689714121003,True,1689713881720,0.0,EXPIRE_MAKER,80450.0,0.00032,29791.86
BTCUSDT,1044624572,-1,zIGNgB6f4wynZpmReb3xsZ,29791.86,0.0003,0.0,0.0,EXPIRED_IN_MATCH,GTC,LIMIT,SELL,0.0,0.0,1689713941665,1689714121003,True,1689713941665,0.0,EXPIRE_MAKER,80451.0,0.0003,29791.86
BTCUSDT,1044628941,-1,kmpKSxh5kH2KmQkEGUoI56,29850.62,0.00041,0.0,0.0,EXPIRED_IN_MATCH,GTC,LIMIT,SELL,0.0,0.0,1689715441155,1689723240868,True,1689715441155,0.0,EXPIRE_MAKER,80464.0,0.00041,29850.62
BTCUSDT,1044629636,-1,umtt6qWJNkglYwUOW81w53,29850.47,0.00037,0.0,0.0,EXPIRED_IN_MATCH,GTC,LIMIT,SELL,0.0,0.0,1689715861387,1689723240868,True,1689715861387,0.0,EXPIRE_MAKER,80463.0,0.00037,29850.47
BTCUSDT,1044629783,-1,3J0Z9XF87f4W9zuLWz2153,29831.67,0.00034,0.0,0.0,EXPIRED_IN_MATCH,GTC,LIMIT,SELL,0.0,0.0,1689715981634,1689716101033,True,1689715981634,0.0,EXPIRE_MAKER,80453.0,0.00034,29831.67
BTCUSDT,1044630279,-1,GC7e4FdxS6mbiiuMMbJVFH,29850.64,0.00034,0.0,0.0,EXPIRED_IN_MATCH,GTC,LIMIT,SELL,0.0,0.0,1689716161391,1689723240868,True,1689716161391,0.0,EXPIRE_MAKER,80465.0,0.00034,29850.64
BTCUSDT,1044630442,-1,TZ7MCa9ihzhEVT9Ld5HPuF,29817.04,0.00031,0.0,0.0,EXPIRED_IN_MATCH,GTC,LIMIT,BUY,0.0,0.0,1689716281541,1689716520837,True,1689716281541,0.0,EXPIRE_MAKER,80454.0,0.00031,29817.04
BTCUSDT,1044631261,-1,CGWYOGEKeg2AUfrTA6zpA1,29817.03,0.00025,0.0,0.0,EXPIRED_IN_MATCH,GTC,LIMIT,BUY,0.0,0.0,1689716641532,1689716760982,True,1689716641532,0.0,EXPIRE_MAKER,80455.0,0.00025,29817.03
BTCUSDT,1044635819,-1,OBp1hU618JzSCSc4GRD8I9,29818.2,0.00022,0.0,0.0,EXPIRED_IN_MATCH,GTC,LIMIT,SELL,0.0,0.0,1689718381645,1689720601269,True,1689718381645,0.0,EXPIRE_MAKER,80461.0,0.00022,29818.2
BTCUSDT,1044636550,-1,pw5lNa81pofOjxhcLDlyxr,29817.96,0.0002,0.0,0.0,EXPIRED_IN_MATCH,GTC,LIMIT,SELL,0.0,0.0,1689718621781,1689720601269,True,1689718621781,0.0,EXPIRE_MAKER,80460.0,0.0002,29817.96
BTCUSDT,1044637248,-1,w4wRLM3sdYV5gwGVFAKBkB,29761.46,0.0009,0.0,0.0,EXPIRED_IN_MATCH,GTC,LIMIT,BUY,0.0,0.0,1689718861544,1689719701144,True,1689718861544,0.0,EXPIRE_MAKER,80459.0,0.0009,29761.46
BTCUSDT,1044651391,-1,CC0ikYJ0ZMPGoQBxkxhRlR,29852.03,0.00023,0.0,0.0,EXPIRED_IN_MATCH,GTC,LIMIT,BUY,0.0,0.0,1689725282019,1689725341290,True,1689725282019,0.0,EXPIRE_MAKER,80466.0,0.00023,29852.03
BTCUSDT,1044065429,-1,UjsNKIzRonX2Jrbqn1aOQm,0.0,0.00021,0.00021,6.3556521,FILLED,GTC,MARKET,SELL,0.0,0.0,1689553681024,1689553681024,True,1689553681024,0.0,EXPIRE_MAKER,,,30265.010000000002
BTCUSDT,1044066543,-1,m4EhnQUp3Jmf0Jd1YCtmDK,0.0,0.0007,0.0007,21.1785,FILLED,GTC,MARKET,BUY,0.0,0.0,1689554280918,1689554280918,True,1689554280918,0.0,EXPIRE_MAKER,,,30255.0
BTCUSDT,1044066681,-1,RcFTH6XoOhn1av32kQ88DU,0.0,0.00066,0.00066,19.9616934,FILLED,GTC,MARKET,BUY,0.0,0.0,1689554340974,1689554340974,True,1689554340974,0.0,EXPIRE_MAKER,,,30244.99
BTCUSDT,1044067434,-1,YGBkeiRNuW6Ul0suRiFNPT,0.0,0.0006,0.0006,18.132,FILLED,GTC,MARKET,BUY,0.0,0.0,1689554761086,1689554761086,True,1689554761086,0.0,EXPIRE_MAKER,,,30220.000000000004
BTCUSDT,1044067599,-1,4ZUqlROaQCYsaueBwDmnLH,0.0,0.00057,0.00057,17.2225329,FILLED,GTC,MARKET,BUY,0.0,0.0,1689554821417,1689554821417,True,1689554821417,0.0,EXPIRE_MAKER,,,30214.97
BTCUSDT,1044071274,-1,2pcuD6e8oB87sm8NWexYLB,0.0,0.00057,0.00057,17.2489353,FILLED,GTC,MARKET,BUY,0.0,0.0,1689556500913,1689556500913,True,1689556500913,0.0,EXPIRE_MAKER,,,30261.29
BTCUSDT,1044071465,-1,3vMVMgrwnyQN9PXdJgegeM,0.0,0.00054,0.00054,16.3410318,FILLED,GTC,MARKET,BUY,0.0,0.0,1689556681083,1689556681083,True,1689556681083,0.0,EXPIRE_MAKER,,,30261.17
BTCUSDT,1044072119,-1,cf84deGg53MICXESawLYA2,0.0,0.00049,0.00049,14.8286541,FILLED,GTC,MARKET,BUY,0.0,0.0,1689556981003,1689556981003,True,1689556981003,0.0,EXPIRE_MAKER,,,30262.559387755104
BTCUSDT,1044072249,-1,xwTotvutuI3MJwOXTWzxam,0.0,0.00053,0.00053,16.0452078,FILLED,GTC,MARKET,BUY,0.0,0.0,1689557041176,1689557041176,True,1689557041176,0.0,EXPIRE_MAKER,,,30273.976981132077
BTCUSDT,1044072643,-1,EINNKaTjevxAQbSAihQDhB,0.0,0.00052,0.00052,15.7476214,FILLED,GTC,MARKET,BUY,0.0,0.0,1689557281272,1689557281272,True,1689557281272,0.0,EXPIRE_MAKER,,,30283.887307692312
BTCUSDT,1044072885,-1,81sIA76AR2wEz9U8TfGXtC,0.0,0.00035,0.00035,10.596278,FILLED,GTC,MARKET,SELL,0.0,0.0,1689557521160,1689557521160,True,1689557521160,0.0,EXPIRE_MAKER,,,30275.079999999998
BTCUSDT,1044074608,-1,S7VPrwwqDxiPeihfOutSdI,0.0,0.00027,0.00027,8.1813564,FILLED,GTC,MARKET,SELL,0.0,0.0,1689558241197,1689558241197,True,1689558241197,0.0,EXPIRE_MAKER,,,30301.32
BTCUSDT,1044075794,-1,hIjY2CIPbJzVRIolbQWa37,0.0,0.00052,0.00052,15.7533844,FILLED,GTC,MARKET,BUY,0.0,0.0,1689558960915,1689558960915,True,1689558960915,0.0,EXPIRE_MAKER,,,30294.97
BTCUSDT,1044077118,-1,LJvyDdgWGKnh3LkAaxLDIB,0.0,0.00023,0.00023,6.9664622,FILLED,GTC,MARKET,SELL,0.0,0.0,1689559560935,1689559560935,True,1689559560935,0.0,EXPIRE_MAKER,,,30288.96608695652
BTCUSDT,1044077199,-1,RfGANziGutfqrsnWtPic50,0.0,0.00022,0.00022,6.6631912,FILLED,GTC,MARKET,SELL,0.0,0.0,1689559621135,1689559621135,True,1689559621135,0.0,EXPIRE_MAKER,,,30287.232727272727
BTCUSDT,1044081247,-1,VXB2DqfW5XzlQijHNtO18g,0.0,0.00016,0.00016,4.844,FILLED,GTC,MARKET,BUY,0.0,0.0,1689562801387,1689562801387,True,1689562801387,0.0,EXPIRE_MAKER,,,30275.0
BTCUSDT,1044081392,-1,WbY1A8THiT1hmrW4BWCNLc,0.0,0.00015,0.00015,4.5405,FILLED,GTC,MARKET,BUY,0.0,0.0,1689562861146,1689562861146,True,1689562861146,0.0,EXPIRE_MAKER,,,30270.0
BTCUSDT,1044083594,-1,IeNISObQDJ7ns6WMzfhakw,0.0,0.00033,0.00033,9.9924175,FILLED,GTC,MARKET,SELL,0.0,0.0,1689564301065,1689564301065,True,1689564301065,0.0,EXPIRE_MAKER,,,30280.053030303032
BTCUSDT,1044085836,-1,MItevyE7GSbVWh8E6woSGP,0.0,0.00024,0.00024,7.2707904,FILLED,GTC,MARKET,BUY,0.0,0.0,1689565741289,1689565741289,True,1689565741289,0.0,EXPIRE_MAKER,,,30294.96
BTCUSDT,1044087582,-1,HtuaS5KlMX2GHebyxxkwKy,0.0,0.00027,0.00027,8.181,FILLED,GTC,MARKET,BUY,0.0,0.0,1689567481130,1689567481130,True,1689567481130,0.0,EXPIRE_MAKER,,,30299.999999999996
BTCUSDT,1044090490,-1,iNJ0eP5sMg87Oj29ay4zyn,0.0,0.00062,0.00062,18.7762134,FILLED,GTC,MARKET,SELL,0.0,0.0,1689569461436,1689569461436,True,1689569461436,0.0,EXPIRE_MAKER,,,30284.21516129032
BTCUSDT,1044092285,-1,TIpYdTlPi5ryvv3TJ9bwQd,0.0,0.00046,0.00046,13.9467216,FILLED,GTC,MARKET,SELL,0.0,0.0,1689570841096,1689570841096,True,1689570841096,0.0,EXPIRE_MAKER,,,30318.96
BTCUSDT,1044094519,-1,DEg7mS4KGNUF8bbcm7WOfA,0.0,0.00059,0.00059,17.8711059,FILLED,GTC,MARKET,SELL,0.0,0.0,1689572461397,1689572461397,True,1689572461397,0.0,EXPIRE_MAKER,,,30290.01
BTCUSDT,1044096755,-1,xx0BvCPrVn480W27JbNBdO,0.0,0.00105,0.00105,31.785789,FILLED,GTC,MARKET,SELL,0.0,0.0,1689574020952,1689574020952,True,1689574020952,0.0,EXPIRE_MAKER,,,30272.180000000004
BTCUSDT,1044097256,-1,0qCpafVJFv6WlUhrUML63E,0.0,0.00069,0.00069,20.8919652,FILLED,GTC,MARKET,SELL,0.0,0.0,1689574500810,1689574500810,True,1689574500810,0.0,EXPIRE_MAKER,,,30278.210434782613
BTCUSDT,1044099350,-1,5Ga9cDEUNBJvAGiWzMrAEV,0.0,0.00056,0.00056,16.9511776,FILLED,GTC,MARKET,BUY,0.0,0.0,1689576121334,1689576121334,True,1689576121334,0.0,EXPIRE_MAKER,,,30269.960000000006
BTCUSDT,1044100779,-1,c9218j274eATsKrKV9wedl,0.0,0.00051,0.00051,15.4344033,FILLED,GTC,MARKET,BUY,0.0,0.0,1689576421190,1689576421190,True,1689576421190,0.0,EXPIRE_MAKER,,,30263.53588235294
BTCUSDT,1044101670,-1,j7u7OXd1zlf2lo04I57Scq,0.0,0.00045,0.00045,13.6227721,FILLED,GTC,MARKET,BUY,0.0,0.0,1689576840907,1689576840907,True,1689576840907,0.0,EXPIRE_MAKER,,,30272.826888888892
BTCUSDT,1044101714,-1,qC1kDXNHwu8laY9BxhZkfn,0.0,0.00075,0.00075,22.6961971,FILLED,GTC,MARKET,SELL,0.0,0.0,1689576901149,1689576901149,True,1689576901149,0.0,EXPIRE_MAKER,,,30261.596133333333
BTCUSDT,1044103342,-1,JatLdkjWcd9pJCuGA2U44A,0.0,0.00026,0.00026,7.870174,FILLED,GTC,MARKET,BUY,0.0,0.0,1689578401005,1689578401005,True,1689578401005,0.0,EXPIRE_MAKER,,,30269.9
BTCUSDT,1044103547,-1,eYjdjxvQlNLxHCcmfJOD0v,0.0,0.00053,0.00053,16.0437996,FILLED,GTC,MARKET,SELL,0.0,0.0,1689578641084,1689578641084,True,1689578641084,0.0,EXPIRE_MAKER,,,30271.32
BTCUSDT,1044105669,-1,RW2SzDg8sNQBkqHrs5Df44,0.0,0.00045,0.00045,13.6257343,FILLED,GTC,MARKET,BUY,0.0,0.0,1689579780715,1689579780715,True,1689579780715,0.0,EXPIRE_MAKER,,,30279.409555555554
BTCUSDT,1044106002,-1,EnmV2FSRo4vjoz76OV4iqW,0.0,0.00067,0.00067,20.2775835,FILLED,GTC,MARKET,SELL,0.0,0.0,1689580020749,1689580020749,True,1689580020749,0.0,EXPIRE_MAKER,,,30265.049999999996
BTCUSDT,1044106526,-1,hJP9GKylmoKIfS0Ti6YyEt,0.0,0.0004,0.0004,12.109996,FILLED,GTC,MARKET,BUY,0.0,0.0,1689580440859,1689580440859,True,1689580440859,0.0,EXPIRE_MAKER,,,30274.99
BTCUSDT,1044106586,-1,8hMv0rTBgw987KzzZpky6w,0.0,0.00038,0.00038,11.5026,FILLED,GTC,MARKET,BUY,0.0,0.0,1689580500960,1689580500960,True,1689580500960,0.0,EXPIRE_MAKER,,,30269.999999999996
BTCUSDT,1044106644,-1,1SsWgsgM8BFvXX47vxfSP1,0.0,0.00036,0.00036,10.898964,FILLED,GTC,MARKET,BUY,0.0,0.0,1689580561000,1689580561000,True,1689580561000,0.0,EXPIRE_MAKER,,,30274.899999999998
BTCUSDT,1044106687,-1,xaBxtMFw4OUn0BJh8vFHmH,0.0,0.00053,0.00053,16.0416569,FILLED,GTC,MARKET,SELL,0.0,0.0,1689580620981,1689580620981,True,1689580620981,0.0,EXPIRE_MAKER,,,30267.27716981132
BTCUSDT,1044106727,-1,9jKg71tyCQOoz8m0REENSv,0.0,0.0005,0.0005,15.13362,FILLED,GTC,MARKET,SELL,0.0,0.0,1689580681467,1689580681467,True,1689580681467,0.0,EXPIRE_MAKER,,,30267.24
BTCUSDT,1044107908,-1,MvcfKUobw0c0Zg0f6IcZkx,0.0,0.00048,0.00048,14.5335264,FILLED,GTC,MARKET,SELL,0.0,0.0,1689581221042,1689581221042,True,1689581221042,0.0,EXPIRE_MAKER,,,30278.179999999997
BTCUSDT,1044107986,-1,6yOXhu7KFrpsJaQRl4QZlf,0.0,0.00046,0.00046,13.9274614,FILLED,GTC,MARKET,SELL,0.0,0.0,1689581280862,1689581280862,True,1689581280862,0.0,EXPIRE_MAKER,,,30277.09
BTCUSDT,1044108155,-1,8e0W89SUoVOdSETVh4jxLp,0.0,0.00043,0.00043,13.0219639,FILLED,GTC,MARKET,SELL,0.0,0.0,1689581400908,1689581400908,True,1689581400908,0.0,EXPIRE_MAKER,,,30283.636976744187
BTCUSDT,1044108303,-1,ghVYOMaeMWt3TSbXpsaX1R,0.0,0.00041,0.00041,12.4119071,FILLED,GTC,MARKET,SELL,0.0,0.0,1689581461188,1689581461188,True,1689581461188,0.0,EXPIRE_MAKER,,,30272.944146341466
BTCUSDT,1044108714,-1,orAZmzhtA4IblpM0Srx4L5,0.0,0.00037,0.00037,11.2074295,FILLED,GTC,MARKET,SELL,0.0,0.0,1689581821239,1689581821239,True,1689581821239,0.0,EXPIRE_MAKER,,,30290.35
BTCUSDT,1044108995,-1,iCDxMxTigiSZhKqtiUFVmn,0.0,0.00044,0.00044,13.3288392,FILLED,GTC,MARKET,SELL,0.0,0.0,1689582120931,1689582120931,True,1689582120931,0.0,EXPIRE_MAKER,,,30292.816363636364
BTCUSDT,1044109133,-1,8dh2ee7tFrotgfLdEsnzai,0.0,0.00041,0.00041,12.4190681,FILLED,GTC,MARKET,SELL,0.0,0.0,1689582180840,1689582180840,True,1689582180840,0.0,EXPIRE_MAKER,,,30290.410000000003
BTCUSDT,1044111140,-1,opdhMQuwN3FFl4G72dDwA2,0.0,0.00044,0.00044,13.334224,FILLED,GTC,MARKET,SELL,0.0,0.0,1689583260859,1689583260859,True,1689583260859,0.0,EXPIRE_MAKER,,,30305.054545454546
BTCUSDT,1044112924,-1,BQDqmAZUn1HWHIDr8PDaR8,0.0,0.0006,0.0006,18.1655343,FILLED,GTC,MARKET,SELL,0.0,0.0,1689584100855,1689584100855,True,1689584100855,0.0,EXPIRE_MAKER,,,30275.890500000005
BTCUSDT,1044113001,-1,ox5NsGLRjBhRYRrCTa3Qyx,0.0,0.00057,0.00057,17.2571034,FILLED,GTC,MARKET,SELL,0.0,0.0,1689584160918,1689584160918,True,1689584160918,0.0,EXPIRE_MAKER,,,30275.62
BTCUSDT,1044113413,-1,RoPgzlA2F8qiB2jEAu9MLI,0.0,0.0006,0.0006,18.158532,FILLED,GTC,MARKET,SELL,0.0,0.0,1689584401001,1689584401001,True,1689584401001,0.0,EXPIRE_MAKER,,,30264.220000000005
BTCUSDT,1044113602,-1,QGpmVGK6EoXrcVS9poGXOG,0.0,0.00057,0.00057,17.24934,FILLED,GTC,MARKET,SELL,0.0,0.0,1689584460815,1689584460815,True,1689584460815,0.0,EXPIRE_MAKER,,,30262.0
BTCUSDT,1044113784,-1,VaJmp2GmmZT8bSdNPLe8PV,0.0,0.00054,0.00054,16.3469772,FILLED,GTC,MARKET,SELL,0.0,0.0,1689584521361,1689584521361,True,1689584521361,0.0,EXPIRE_MAKER,,,30272.18
BTCUSDT,1044113879,-1,dMTIohZIOG49FcewtqSLYN,0.0,0.00051,0.00051,15.4388169,FILLED,GTC,MARKET,SELL,0.0,0.0,1689584581188,1689584581188,True,1689584581188,0.0,EXPIRE_MAKER,,,30272.19
BTCUSDT,1044114417,-1,28ofW9xgU0x6RMKXiJvV60,0.0,0.00063,0.00063,19.0669437,FILLED,GTC,MARKET,BUY,0.0,0.0,1689584820822,1689584820822,True,1689584820822,0.0,EXPIRE_MAKER,,,30264.989999999998
BTCUSDT,1044114772,-1,WEjAdRJ19VgFal1H79iJlX,0.0,0.00069,0.00069,20.8829286,FILLED,GTC,MARKET,SELL,0.0,0.0,1689585001165,1689585001165,True,1689585001165,0.0,EXPIRE_MAKER,,,30265.11391304348
BTCUSDT,1044115947,-1,dyfT6TTK453MRwWsgzwCXz,0.0,0.00078,0.00078,23.5829334,FILLED,GTC,MARKET,SELL,0.0,0.0,1689585361664,1689585361664,True,1689585361664,0.0,EXPIRE_MAKER,,,30234.530000000002
BTCUSDT,1044116400,-1,NU141MyM6RWf1LbOJd9rzG,0.0,0.0007,0.0007,21.1745912,FILLED,GTC,MARKET,SELL,0.0,0.0,1689585541428,1689585541428,True,1689585541428,0.0,EXPIRE_MAKER,,,30249.415999999997
BTCUSDT,1044116476,-1,oHg7cQwi4ooqEJ6ZLsGXYG,0.0,0.00072,0.00072,21.7835928,FILLED,GTC,MARKET,BUY,0.0,0.0,1689585600846,1689585600846,True,1689585600846,0.0,EXPIRE_MAKER,,,30254.989999999998
BTCUSDT,1044117073,-1,znIU9rhs4YuzFbzFUqS7MA,0.0,0.00069,0.00069,20.8655931,FILLED,GTC,MARKET,BUY,0.0,0.0,1689585900872,1689585900872,True,1689585900872,0.0,EXPIRE_MAKER,,,30239.990000000005
BTCUSDT,1044123951,-1,mMHsifH2VCazvvFwMnnWYd,0.0,0.00064,0.00064,19.3163776,FILLED,GTC,MARKET,SELL,0.0,0.0,1689587821001,1689587821001,True,1689587821001,0.0,EXPIRE_MAKER,,,30181.839999999997
BTCUSDT,1044124768,-1,zslnB1PnTorDxLzBWcgzyC,0.0,0.00061,0.00061,18.4094401,FILLED,GTC,MARKET,SELL,0.0,0.0,1689588000916,1689588000916,True,1689588000916,0.0,EXPIRE_MAKER,,,30179.410000000003
BTCUSDT,1044125686,-1,pITs4cJOdfWkQgJUw3fgom,0.0,0.00052,0.00052,15.7006616,FILLED,GTC,MARKET,SELL,0.0,0.0,1689588300874,1689588300874,True,1689588300874,0.0,EXPIRE_MAKER,,,30193.58
BTCUSDT,1044139594,-1,aEwedVRMmnaBJCbqgRpkUK,0.0,0.00043,0.00043,12.9301043,FILLED,GTC,MARKET,SELL,0.0,0.0,1689590460972,1689590460972,True,1689590460972,0.0,EXPIRE_MAKER,,,30070.010000000002
BTCUSDT,1044142949,-1,nDFmBHb1EvxHWbtkB4Z3NB,0.0,0.00035,0.00035,10.5524615,FILLED,GTC,MARKET,SELL,0.0,0.0,1689591181421,1689591181421,True,1689591181421,0.0,EXPIRE_MAKER,,,30149.89
BTCUSDT,1044146951,-1,HWGQb4CkkEe8h00w8KoBmT,0.0,0.00026,0.00026,7.8540046,FILLED,GTC,MARKET,SELL,0.0,0.0,1689592140942,1689592140942,True,1689592140942,0.0,EXPIRE_MAKER,,,30207.710000000003
BTCUSDT,1044147297,-1,XAjDKqtD7qQ3PGHjdQngXP,0.0,0.00025,0.00025,7.551045,FILLED,GTC,MARKET,SELL,0.0,0.0,1689592260838,1689592260838,True,1689592260838,0.0,EXPIRE_MAKER,,,30204.18
BTCUSDT,1044148456,-1,qMpuOdh1pOpRC4rO1KsiBc,0.0,0.0002,0.0002,6.049006,FILLED,GTC,MARKET,SELL,0.0,0.0,1689592500969,1689592500969,True,1689592500969,0.0,EXPIRE_MAKER,,,30245.03
BTCUSDT,1044148662,-1,dUZj8EbdjPpsVvdf8YIXmz,0.0,0.00019,0.00019,5.7459819,FILLED,GTC,MARKET,SELL,0.0,0.0,1689592561099,1689592561099,True,1689592561099,0.0,EXPIRE_MAKER,,,30242.01
BTCUSDT,1044149065,-1,1MtKSZz9rKqcLgWyOBizlU,0.0,0.00018,0.00018,5.4396018,FILLED,GTC,MARKET,SELL,0.0,0.0,1689592681218,1689592681218,True,1689592681218,0.0,EXPIRE_MAKER,,,30220.01
BTCUSDT,1044150110,-1,Kew53Jju3x3Onl1ny43RRh,0.0,0.00016,0.00016,4.8344016,FILLED,GTC,MARKET,SELL,0.0,0.0,1689593100959,1689593100959,True,1689593100959,0.0,EXPIRE_MAKER,,,30215.009999999995
BTCUSDT,1044150863,-1,Hr1ItohrrXKco5iLCEOZeA,0.0,0.00018,0.00018,5.436909,FILLED,GTC,MARKET,SELL,0.0,0.0,1689593521025,1689593521025,True,1689593521025,0.0,EXPIRE_MAKER,,,30205.05
BTCUSDT,1044153618,-1,peIHA5hQQmppOcCpV2sM2h,0.0,0.00016,0.00016,4.8336016,FILLED,GTC,MARKET,SELL,0.0,0.0,1689594541025,1689594541025,True,1689594541025,0.0,EXPIRE_MAKER,,,30210.009999999995
BTCUSDT,1044164099,-1,Hc3YzfERPW1qeMbxNDgSa6,0.0,0.00032,0.00032,9.6260636,FILLED,GTC,MARKET,SELL,0.0,0.0,1689596941013,1689596941013,True,1689596941013,0.0,EXPIRE_MAKER,,,30081.44875
BTCUSDT,1044166154,-1,9IWfoRlOni642a03FB1uVw,0.0,0.00034,0.00034,10.2289748,FILLED,GTC,MARKET,BUY,0.0,0.0,1689597301003,1689597301003,True,1689597301003,0.0,EXPIRE_MAKER,,,30085.219999999998
BTCUSDT,1044172741,-1,XMh5NcSr9wXDBW0IqXbIdu,0.0,0.00023,0.00023,6.9437046,FILLED,GTC,MARKET,SELL,0.0,0.0,1689598921038,1689598921038,True,1689598921038,0.0,EXPIRE_MAKER,,,30190.02
BTCUSDT,1044184656,-1,0epIehBclV3BiiCrkjW5xk,0.0,0.00123,0.00123,37.2522139,FILLED,GTC,MARKET,BUY,0.0,0.0,1689601921049,1689601921049,True,1689601921049,0.0,EXPIRE_MAKER,,,30286.352764227642
BTCUSDT,1044189460,-1,150qrMEtKtdfz3Js4mKokr,0.0,0.00075,0.00075,22.7024925,FILLED,GTC,MARKET,BUY,0.0,0.0,1689603061372,1689603061372,True,1689603061372,0.0,EXPIRE_MAKER,,,30269.99
BTCUSDT,1044196791,-1,tMWsnYuabONJ8pajtkS11B,0.0,0.00021,0.00021,6.3562569,FILLED,GTC,MARKET,SELL,0.0,0.0,1689605340966,1689605340966,True,1689605340966,0.0,EXPIRE_MAKER,,,30267.89
BTCUSDT,1044200449,-1,eAN4JBmkMMoh6KFOcezKn2,0.0,0.00075,0.00075,22.7024775,FILLED,GTC,MARKET,BUY,0.0,0.0,1689606661114,1689606661114,True,1689606661114,0.0,EXPIRE_MAKER,,,30269.97
BTCUSDT,1044200756,-1,Z8QC3dhDD9arb7PlFhfSeB,0.0,0.00071,0.00071,21.48274,FILLED,GTC,MARKET,BUY,0.0,0.0,1689606720993,1689606720993,True,1689606720993,0.0,EXPIRE_MAKER,,,30257.38028169014
BTCUSDT,1044208048,-1,CXJVC1JPoGGjQAK7PN4NQR,0.0,0.00057,0.00057,17.1883329,FILLED,GTC,MARKET,BUY,0.0,0.0,1689608280865,1689608280865,True,1689608280865,0.0,EXPIRE_MAKER,,,30154.969999999998
BTCUSDT,1044211247,-1,iqg8d8DItliXlKYzCWCdyi,0.0,0.0005,0.0005,15.08002,FILLED,GTC,MARKET,SELL,0.0,0.0,1689609180864,1689609180864,True,1689609180864,0.0,EXPIRE_MAKER,,,30160.039999999997
BTCUSDT,1044212909,-1,9YRJZkSiw6xaoBuWIXm0Nn,0.0,0.00047,0.00047,14.1752094,FILLED,GTC,MARKET,SELL,0.0,0.0,1689609720771,1689609720771,True,1689609720771,0.0,EXPIRE_MAKER,,,30160.02
BTCUSDT,1044221120,-1,FUrEAEeU3CesDqhE6bPP4F,0.0,0.00046,0.00046,13.850789,FILLED,GTC,MARKET,BUY,0.0,0.0,1689611641328,1689611641328,True,1689611641328,0.0,EXPIRE_MAKER,,,30110.410869565218
BTCUSDT,1044226691,-1,B2GZloZ4SR2d66qzP1hu71,0.0,0.00037,0.00037,11.1490065,FILLED,GTC,MARKET,BUY,0.0,0.0,1689612601082,1689612601082,True,1689612601082,0.0,EXPIRE_MAKER,,,30132.45
BTCUSDT,1044293559,-1,eNmY0FH8419dRmY2bNatW7,0.0,0.00032,0.00032,9.5697696,FILLED,GTC,MARKET,SELL,0.0,0.0,1689622020836,1689622020836,True,1689622020836,0.0,EXPIRE_MAKER,,,29905.53
BTCUSDT,1044294775,-1,Y75Ce56N1IolZsc5d0ukLd,0.0,0.00029,0.00029,8.6724645,FILLED,GTC,MARKET,SELL,0.0,0.0,1689622261109,1689622261109,True,1689622261109,0.0,EXPIRE_MAKER,,,29905.05
BTCUSDT,1044297580,-1,rlm2vxS4sj99Ny0d5GhOo7,0.0,0.00024,0.00024,7.1723928,FILLED,GTC,MARKET,BUY,0.0,0.0,1689622860871,1689622860871,True,1689622860871,0.0,EXPIRE_MAKER,,,29884.969999999998
BTCUSDT,1044305666,-1,Af0jHIDiLFwgEYfFe3Hw6Q,0.0,0.00065,0.00065,19.4685119,FILLED,GTC,MARKET,SELL,0.0,0.0,1689624661212,1689624661212,True,1689624661212,0.0,EXPIRE_MAKER,,,29951.55676923077
BTCUSDT,1044306319,-1,oAswJTxQCka60PHCCpw1kF,0.0,0.00058,0.00058,17.3684306,FILLED,GTC,MARKET,SELL,0.0,0.0,1689624901047,1689624901047,True,1689624901047,0.0,EXPIRE_MAKER,,,29945.57
BTCUSDT,1044308660,-1,3DCeI1YpiIpQgYUOMGkEFo,0.0,0.00056,0.00056,16.7649888,FILLED,GTC,MARKET,SELL,0.0,0.0,1689625381232,1689625381232,True,1689625381232,0.0,EXPIRE_MAKER,,,29937.480000000003
BTCUSDT,1044313884,-1,UCndfOcYVu4urzdq5Nrn13,0.0,0.00023,0.00023,6.8850477,FILLED,GTC,MARKET,BUY,0.0,0.0,1689626761357,1689626761357,True,1689626761357,0.0,EXPIRE_MAKER,,,29934.99
BTCUSDT,1044314533,-1,OBWSv8hZoq7fpTuMoJ5Tia,0.0,0.00021,0.00021,6.2842479,FILLED,GTC,MARKET,BUY,0.0,0.0,1689626941087,1689626941087,True,1689626941087,0.0,EXPIRE_MAKER,,,29924.99
BTCUSDT,1044325614,-1,Iy1ka5M19pcWd8qM3IOK8Q,0.0,0.00061,0.00061,18.3274622,FILLED,GTC,MARKET,SELL,0.0,0.0,1689629281264,1689629281264,True,1689629281264,0.0,EXPIRE_MAKER,,,30045.02
BTCUSDT,1044326127,-1,VTq5KuncQCidS8nBGSQavb,0.0,0.00058,0.00058,17.4348234,FILLED,GTC,MARKET,SELL,0.0,0.0,1689629401356,1689629401356,True,1689629401356,0.0,EXPIRE_MAKER,,,30060.040344827583
BTCUSDT,1044326384,-1,82dNVhRcYSSmSSa6gKT8w8,0.0,0.00055,0.00055,16.5247555,FILLED,GTC,MARKET,SELL,0.0,0.0,1689629521155,1689629521155,True,1689629521155,0.0,EXPIRE_MAKER,,,30045.010000000002
BTCUSDT,1044342041,-1,bUQXvhfg1CyTLPKDQU88HO,0.0,0.00036,0.00036,10.8755622,FILLED,GTC,MARKET,SELL,0.0,0.0,1689633121280,1689633121280,True,1689633121280,0.0,EXPIRE_MAKER,,,30209.894999999997
BTCUSDT,1044342893,-1,QciPqVyKy41cpBQMVgCJHg,0.0,0.00045,0.00045,13.583754,FILLED,GTC,MARKET,SELL,0.0,0.0,1689633361160,1689633361160,True,1689633361160,0.0,EXPIRE_MAKER,,,30186.120000000003
BTCUSDT,1044349674,-1,zQYg685u6IMfqSPcnXWjTs,0.0,0.00038,0.00038,11.4456038,FILLED,GTC,MARKET,SELL,0.0,0.0,1689635641349,1689635641349,True,1689635641349,0.0,EXPIRE_MAKER,,,30120.01
BTCUSDT,1044355731,-1,AbDIGB2iC4q8nNDQiOjKt0,0.0,0.00033,0.00033,9.9514437,FILLED,GTC,MARKET,SELL,0.0,0.0,1689638821110,1689638821110,True,1689638821110,0.0,EXPIRE_MAKER,,,30155.890000000003
BTCUSDT,1044356039,-1,JSsjHLXXo3Dui3WbzKuCJS,0.0,0.00055,0.00055,16.595524,FILLED,GTC,MARKET,BUY,0.0,0.0,1689638941157,1689638941157,True,1689638941157,0.0,EXPIRE_MAKER,,,30173.68
BTCUSDT,1044358542,-1,trBdSrJ5NfAStSEGk4RSIA,0.0,0.00092,0.00092,27.7676126,FILLED,GTC,MARKET,BUY,0.0,0.0,1689640141081,1689640141081,True,1689640141081,0.0,EXPIRE_MAKER,,,30182.18760869565
BTCUSDT,1044368459,-1,iJkQYYQFjgVAhYY6XnUHqA,0.0,0.00026,0.00026,7.8457678,FILLED,GTC,MARKET,SELL,0.0,0.0,1689644521021,1689644521021,True,1689644521021,0.0,EXPIRE_MAKER,,,30176.030000000002
BTCUSDT,1044368742,-1,i2eA0LMfrUZRPKMlp93krM,0.0,0.00025,0.00025,7.5450025,FILLED,GTC,MARKET,SELL,0.0,0.0,1689644641028,1689644641028,True,1689644641028,0.0,EXPIRE_MAKER,,,30180.01
BTCUSDT,1044370901,-1,TzbVHVXfF2OH44T9MWG4Go,0.0,0.00025,0.00025,7.5500025,FILLED,GTC,MARKET,SELL,0.0,0.0,1689645601219,1689645601219,True,1689645601219,0.0,EXPIRE_MAKER,,,30200.01
BTCUSDT,1044371056,-1,GTLz7OjIucCs4Yf2jKLRQX,0.0,0.00105,0.00105,31.7204895,FILLED,GTC,MARKET,BUY,0.0,0.0,1689645661240,1689645661240,True,1689645661240,0.0,EXPIRE_MAKER,,,30209.99
BTCUSDT,1044380353,-1,DKjRw1AsRzU0sb2vEUehNf,0.0,0.00054,0.00054,16.2841212,FILLED,GTC,MARKET,BUY,0.0,0.0,1689650041474,1689650041474,True,1689650041474,0.0,EXPIRE_MAKER,,,30155.780000000002
BTCUSDT,1044380391,-1,5wt2xs9cejfFzqpB8yvzQK,0.0,0.00051,0.00051,15.3802585,FILLED,GTC,MARKET,BUY,0.0,0.0,1689650101073,1689650101073,True,1689650101073,0.0,EXPIRE_MAKER,,,30157.369607843135
BTCUSDT,1044384486,-1,4hBdmmjywNvGwgdYZ2MVmA,0.0,0.0003,0.0003,9.042,FILLED,GTC,MARKET,SELL,0.0,0.0,1689651181296,1689651181296,True,1689651181296,0.0,EXPIRE_MAKER,,,30140.000000000004
BTCUSDT,1044385243,-1,qCaAwjMJNEvI1lxABbGTHb,0.0,0.00028,0.00028,8.4372336,FILLED,GTC,MARKET,SELL,0.0,0.0,1689651361044,1689651361044,True,1689651361044,0.0,EXPIRE_MAKER,,,30132.977142857148
BTCUSDT,1044385435,-1,7KXSgxGgmVul4gk4wWigqI,0.0,0.00027,0.00027,8.1358852,FILLED,GTC,MARKET,SELL,0.0,0.0,1689651421028,1689651421028,True,1689651421028,0.0,EXPIRE_MAKER,,,30132.90814814815
BTCUSDT,1044387776,-1,aBDFnTewA0lMEPrcVXOnAU,0.0,0.00041,0.00041,12.3470875,FILLED,GTC,MARKET,BUY,0.0,0.0,1689651840899,1689651840899,True,1689651840899,0.0,EXPIRE_MAKER,,,30114.847560975613
BTCUSDT,1044389906,-1,D5lisxrJi9Slqnol8eShdP,0.0,0.00042,0.00042,12.6441062,FILLED,GTC,MARKET,SELL,0.0,0.0,1689652561120,1689652561120,True,1689652561120,0.0,EXPIRE_MAKER,,,30105.01476190476
BTCUSDT,1044390482,-1,fKNkZVrhylmBoaHCeNfrl4,0.0,0.00038,0.00038,11.43914,FILLED,GTC,MARKET,SELL,0.0,0.0,1689652681007,1689652681007,True,1689652681007,0.0,EXPIRE_MAKER,,,30103.0
BTCUSDT,1044390652,-1,YqVrGkIB34C9aOzmfdiksP,0.0,0.00034,0.00034,10.23434,FILLED,GTC,MARKET,SELL,0.0,0.0,1689652801082,1689652801082,True,1689652801082,0.0,EXPIRE_MAKER,,,30100.999999999996
BTCUSDT,1044391008,-1,M7OIaXPvIdnbecXmhr6lBg,0.0,0.0003,0.0003,9.032997,FILLED,GTC,MARKET,BUY,0.0,0.0,1689653041187,1689653041187,True,1689653041187,0.0,EXPIRE_MAKER,,,30109.99
BTCUSDT,1044391156,-1,8pFXQqF4oRUAXrAIezaVw3,0.0,0.00029,0.00029,8.7319,FILLED,GTC,MARKET,BUY,0.0,0.0,1689653160887,1689653160887,True,1689653160887,0.0,EXPIRE_MAKER,,,30110.0
BTCUSDT,1044396085,-1,ts7KSAdDQCRm2V7WIxMM0l,0.0,0.0004,0.0004,12.02902,FILLED,GTC,MARKET,SELL,0.0,0.0,1689654361134,1689654361134,True,1689654361134,0.0,EXPIRE_MAKER,,,30072.549999999996
BTCUSDT,1044397709,-1,yYwC3KsqRIrTEftErnxiYb,0.0,0.00032,0.00032,9.625152,FILLED,GTC,MARKET,SELL,0.0,0.0,1689654840998,1689654840998,True,1689654840998,0.0,EXPIRE_MAKER,,,30078.6
BTCUSDT,1044397968,-1,j5FDQxKllO64a5pLMcmiXZ,0.0,0.00031,0.00031,9.3263035,FILLED,GTC,MARKET,SELL,0.0,0.0,1689654901121,1689654901121,True,1689654901121,0.0,EXPIRE_MAKER,,,30084.85
BTCUSDT,1044398089,-1,7mSs0muBumLyn7dJX08vEe,0.0,0.00029,0.00029,8.7306008,FILLED,GTC,MARKET,SELL,0.0,0.0,1689654961137,1689654961137,True,1689654961137,0.0,EXPIRE_MAKER,,,30105.519999999997
BTCUSDT,1044398196,-1,3c69jW7GdpkbfsnFLYClU2,0.0,0.00028,0.00028,8.42723,FILLED,GTC,MARKET,SELL,0.0,0.0,1689655081150,1689655081150,True,1689655081150,0.0,EXPIRE_MAKER,,,30097.250000000004
BTCUSDT,1044398564,-1,M0nRPP2lNRIeFYDiUsLrvP,0.0,0.00035,0.00035,10.5384965,FILLED,GTC,MARKET,BUY,0.0,0.0,1689655261507,1689655261507,True,1689655261507,0.0,EXPIRE_MAKER,,,30109.99
BTCUSDT,1044399020,-1,VaCVbCS5RSWkmo8KqzzUHr,0.0,0.00022,0.00022,6.6187418,FILLED,GTC,MARKET,SELL,0.0,0.0,1689655561259,1689655561259,True,1689655561259,0.0,EXPIRE_MAKER,,,30085.19
BTCUSDT,1044400084,-1,krUurAu7I3sHHhqquDvrOa,0.0,0.00018,0.00018,5.4198072,FILLED,GTC,MARKET,SELL,0.0,0.0,1689656281281,1689656281281,True,1689656281281,0.0,EXPIRE_MAKER,,,30110.039999999997
BTCUSDT,1044400130,-1,sSgK9b55tMujf0SShLY6i8,0.0,0.0003,0.0003,9.037689,FILLED,GTC,MARKET,BUY,0.0,0.0,1689656341020,1689656341020,True,1689656341020,0.0,EXPIRE_MAKER,,,30125.630000000005
BTCUSDT,1044409235,-1,bqBG1Ilu8LjYyqMyao0ikL,0.0,0.00018,0.00018,5.4116982,FILLED,GTC,MARKET,BUY,0.0,0.0,1689659641024,1689659641024,True,1689659641024,0.0,EXPIRE_MAKER,,,30064.989999999998
BTCUSDT,1044411080,-1,DqCDYEVzU8qM9HTgkVyatR,0.0,0.00041,0.00041,12.3334355,FILLED,GTC,MARKET,SELL,0.0,0.0,1689660660979,1689660660979,True,1689660660979,0.0,EXPIRE_MAKER,,,30081.550000000003
BTCUSDT,1044414795,-1,eiMJSImv9vSM4KlHeTsPaV,0.0,0.00016,0.00016,4.8023984,FILLED,GTC,MARKET,BUY,0.0,0.0,1689662220952,1689662220952,True,1689662220952,0.0,EXPIRE_MAKER,,,30014.99
BTCUSDT,1044425479,-1,tl7OZVXywUkUCyxVzXU7hy,0.0,0.00063,0.00063,18.9189089,FILLED,GTC,MARKET,SELL,0.0,0.0,1689664441120,1689664441120,True,1689664441120,0.0,EXPIRE_MAKER,,,30030.01412698413
BTCUSDT,1044426652,-1,JlhMHupzMeu9EXJjOaSWjP,0.0,0.0006,0.0006,18.021109,FILLED,GTC,MARKET,SELL,0.0,0.0,1689664981234,1689664981234,True,1689664981234,0.0,EXPIRE_MAKER,,,30035.181666666667
BTCUSDT,1044426759,-1,AsCUDOtgwIMopaSb0FP2Kl,0.0,0.00031,0.00031,9.3140182,FILLED,GTC,MARKET,BUY,0.0,0.0,1689665040995,1689665040995,True,1689665040995,0.0,EXPIRE_MAKER,,,30045.219999999998
BTCUSDT,1044432773,-1,SblCUwjtF2NjGa73sUgNRM,0.0,0.00017,0.00017,5.0931949,FILLED,GTC,MARKET,BUY,0.0,0.0,1689666601174,1689666601174,True,1689666601174,0.0,EXPIRE_MAKER,,,29959.97
BTCUSDT,1044433716,-1,JBAHSUghS2FAUFkNppL2wp,0.0,0.00075,0.00075,22.47999,FILLED,GTC,MARKET,SELL,0.0,0.0,1689667021180,1689667021180,True,1689667021180,0.0,EXPIRE_MAKER,,,29973.32
BTCUSDT,1044434033,-1,uEgIH07bhBDjYC8Exdngw7,0.0,0.00015,0.00015,4.4962455,FILLED,GTC,MARKET,BUY,0.0,0.0,1689667141060,1689667141060,True,1689667141060,0.0,EXPIRE_MAKER,,,29974.97
BTCUSDT,1044447032,-1,EhqUFw9CRmwM7GjhJK4TA8,0.0,0.00042,0.00042,12.6146958,FILLED,GTC,MARKET,BUY,0.0,0.0,1689669721096,1689669721096,True,1689669721096,0.0,EXPIRE_MAKER,,,30034.989999999998
BTCUSDT,1044453493,-1,j2KMxGIoGHFUYtbgZuigLU,0.0,0.00081,0.00081,24.2959581,FILLED,GTC,MARKET,SELL,0.0,0.0,1689671761208,1689671761208,True,1689671761208,0.0,EXPIRE_MAKER,,,29995.010000000002
BTCUSDT,1044453906,-1,ISbg6G3MwjpYKFOD073C9y,0.0,0.00069,0.00069,20.6896569,FILLED,GTC,MARKET,SELL,0.0,0.0,1689671941258,1689671941258,True,1689671941258,0.0,EXPIRE_MAKER,,,29985.010000000002
BTCUSDT,1044455783,-1,KgZbubUDW3ZjeDPcOniGYu,0.0,0.00061,0.00061,18.3000061,FILLED,GTC,MARKET,SELL,0.0,0.0,1689672721405,1689672721405,True,1689672721405,0.0,EXPIRE_MAKER,,,30000.010000000002
BTCUSDT,1044456161,-1,d1NV52Ech49u0V3qttibEv,0.0,0.00025,0.00025,7.499985,FILLED,GTC,MARKET,BUY,0.0,0.0,1689672901454,1689672901454,True,1689672901454,0.0,EXPIRE_MAKER,,,29999.94
BTCUSDT,1044457158,-1,id5gOr7VLhofbBw6EW7bng,0.0,0.0007,0.0007,20.986,FILLED,GTC,MARKET,SELL,0.0,0.0,1689673321308,1689673321308,True,1689673321308,0.0,EXPIRE_MAKER,,,29980.0
BTCUSDT,1044457268,-1,I1wogriDI1XkeO0bx6BDAN,0.0,0.00067,0.00067,20.0866067,FILLED,GTC,MARKET,SELL,0.0,0.0,1689673381055,1689673381055,True,1689673381055,0.0,EXPIRE_MAKER,,,29980.01
BTCUSDT,1044457360,-1,basQ93BuuUvvsUu8Jwv0WR,0.0,0.00063,0.00063,18.8905608,FILLED,GTC,MARKET,SELL,0.0,0.0,1689673441024,1689673441024,True,1689673441024,0.0,EXPIRE_MAKER,,,29985.01714285714
BTCUSDT,1044457789,-1,Ko7ULxuJGiq9j0hie4tC1j,0.0,0.00058,0.00058,17.3884,FILLED,GTC,MARKET,SELL,0.0,0.0,1689673681058,1689673681058,True,1689673681058,0.0,EXPIRE_MAKER,,,29980.0
BTCUSDT,1044457890,-1,eDaXHMoR4u0q4qH8ZzYBCF,0.0,0.00066,0.00066,19.7835,FILLED,GTC,MARKET,SELL,0.0,0.0,1689673740923,1689673740923,True,1689673740923,0.0,EXPIRE_MAKER,,,29975.0
BTCUSDT,1044458031,-1,pdgxgVZOEtX7Iduvsl0tDM,0.0,0.0003,0.0003,8.995497,FILLED,GTC,MARKET,BUY,0.0,0.0,1689673801038,1689673801038,True,1689673801038,0.0,EXPIRE_MAKER,,,29984.990000000005
BTCUSDT,1044458482,-1,jX8cNnboPs2t0P8wX6vb1U,0.0,0.00026,0.00026,7.7960974,FILLED,GTC,MARKET,BUY,0.0,0.0,1689673981037,1689673981037,True,1689673981037,0.0,EXPIRE_MAKER,,,29984.99
BTCUSDT,1044460611,-1,4T1XdesMKvFIOMonvMtIuh,0.0,0.00029,0.00029,8.6869471,FILLED,GTC,MARKET,BUY,0.0,0.0,1689674701038,1689674701038,True,1689674701038,0.0,EXPIRE_MAKER,,,29954.989999999998
BTCUSDT,1044465476,-1,CLTGD2cRG4iLImqhYRK7tc,0.0,0.00021,0.00021,6.2926122,FILLED,GTC,MARKET,BUY,0.0,0.0,1689676681112,1689676681112,True,1689676681112,0.0,EXPIRE_MAKER,,,29964.819999999996
BTCUSDT,1044467102,-1,Qtf2aUt6fHOvooLjBymBvB,0.0,0.00066,0.00066,19.8000066,FILLED,GTC,MARKET,SELL,0.0,0.0,1689677402407,1689677402407,True,1689677402407,0.0,EXPIRE_MAKER,,,30000.01
BTCUSDT,1044467244,-1,QntlSHbHhjGl08gnAHuFm6,0.0,0.00063,0.00063,18.9031689,FILLED,GTC,MARKET,SELL,0.0,0.0,1689677460927,1689677460927,True,1689677460927,0.0,EXPIRE_MAKER,,,30005.03
BTCUSDT,1044468619,-1,t29aV2IjDMUhZ8KRHrMEFU,0.0,0.00037,0.00037,11.1036889,FILLED,GTC,MARKET,BUY,0.0,0.0,1689677940983,1689677940983,True,1689677940983,0.0,EXPIRE_MAKER,,,30009.97
BTCUSDT,1044469232,-1,osXNU4PA11rYzQRVFoMukj,0.0,0.00051,0.00051,15.2984139,FILLED,GTC,MARKET,SELL,0.0,0.0,1689678121108,1689678121108,True,1689678121108,0.0,EXPIRE_MAKER,,,29996.89
BTCUSDT,1044469395,-1,k6HiXdPvxio2fEe90KtuL2,0.0,0.00049,0.00049,14.69785,FILLED,GTC,MARKET,SELL,0.0,0.0,1689678180845,1689678180845,True,1689678180845,0.0,EXPIRE_MAKER,,,29995.612244897962
BTCUSDT,1044470500,-1,D40FVhvYr0LAnczNqrh4AR,0.0,0.00038,0.00038,11.3980886,FILLED,GTC,MARKET,SELL,0.0,0.0,1689679021240,1689679021240,True,1689679021240,0.0,EXPIRE_MAKER,,,29994.969999999998
BTCUSDT,1044470832,-1,QyydVG545r5YhqpKajJ1yc,0.0,0.00046,0.00046,13.7982842,FILLED,GTC,MARKET,SELL,0.0,0.0,1689679201042,1689679201042,True,1689679201042,0.0,EXPIRE_MAKER,,,29996.269999999997
BTCUSDT,1044472549,-1,GvLbaO5P5q8jpgv4tMHZt0,0.0,0.00025,0.00025,7.50157,FILLED,GTC,MARKET,BUY,0.0,0.0,1689679622377,1689679622377,True,1689679622377,0.0,EXPIRE_MAKER,,,30006.28
BTCUSDT,1044472604,-1,aDbRUVjjl6vxqwNNOO9iyg,0.0,0.00024,0.00024,7.2015072,FILLED,GTC,MARKET,BUY,0.0,0.0,1689679680864,1689679680864,True,1689679680864,0.0,EXPIRE_MAKER,,,30006.28
BTCUSDT,1044472824,-1,JP1NML1FCMInmbibJWCv9g,0.0,0.00036,0.00036,10.8036036,FILLED,GTC,MARKET,SELL,0.0,0.0,1689679801134,1689679801134,True,1689679801134,0.0,EXPIRE_MAKER,,,30010.01
BTCUSDT,1044473177,-1,fEGhSZjmwl3a7zgi24PjsC,0.0,0.00037,0.00037,11.1092537,FILLED,GTC,MARKET,SELL,0.0,0.0,1689679921396,1689679921396,True,1689679921396,0.0,EXPIRE_MAKER,,,30025.010000000002
BTCUSDT,1044473208,-1,4LG3Gs6APvFZnb1r2vPRli,0.0,0.00036,0.00036,10.8090036,FILLED,GTC,MARKET,SELL,0.0,0.0,1689679981808,1689679981808,True,1689679981808,0.0,EXPIRE_MAKER,,,30025.01
BTCUSDT,1044473494,-1,3Iy8MxeXNffwfxhg3A4wkj,0.0,0.00042,0.00042,12.6071232,FILLED,GTC,MARKET,SELL,0.0,0.0,1689680100939,1689680100939,True,1689680100939,0.0,EXPIRE_MAKER,,,30016.96
BTCUSDT,1044475711,-1,5dXYz7Y2q0siqYFiSbLlnF,0.0,0.00042,0.00042,12.5936874,FILLED,GTC,MARKET,BUY,0.0,0.0,1689680820938,1689680820938,True,1689680820938,0.0,EXPIRE_MAKER,,,29984.97
BTCUSDT,1044484253,-1,STzeakwRh9wgsvYKmEaHmS,0.0,0.00034,0.00034,10.1675776,FILLED,GTC,MARKET,BUY,0.0,0.0,1689682260881,1689682260881,True,1689682260881,0.0,EXPIRE_MAKER,,,29904.639999999996
BTCUSDT,1044541187,-1,izZoo3Zyil6PK4WO8FEfgU,0.0,0.0006,0.0006,17.946006,FILLED,GTC,MARKET,SELL,0.0,0.0,1689692341150,1689692341150,True,1689692341150,0.0,EXPIRE_MAKER,,,29910.010000000002
BTCUSDT,1044551709,-1,UT4yeTfyJB4GrOTKHCLOcy,0.0,0.00034,0.00034,10.1513868,FILLED,GTC,MARKET,BUY,0.0,0.0,1689695341036,1689695341036,True,1689695341036,0.0,EXPIRE_MAKER,,,29857.019999999997
BTCUSDT,1044578780,-1,rjHl4KHqe96bEmMOS7G2AS,0.0,0.00072,0.00072,21.394836,FILLED,GTC,MARKET,SELL,0.0,0.0,1689701281097,1689701281097,True,1689701281097,0.0,EXPIRE_MAKER,,,29715.05
BTCUSDT,1044578963,-1,Qb3POFAbmQVheG4xK9afN1,0.0,0.00068,0.00068,20.2062068,FILLED,GTC,MARKET,SELL,0.0,0.0,1689701340959,1689701340959,True,1689701340959,0.0,EXPIRE_MAKER,,,29715.01
BTCUSDT,1044579111,-1,f9fwIzIfJiXswyoqkWicWh,0.0,0.00065,0.00065,19.3138205,FILLED,GTC,MARKET,SELL,0.0,0.0,1689701401333,1689701401333,True,1689701401333,0.0,EXPIRE_MAKER,,,29713.57
BTCUSDT,1044584053,-1,ybUWwuwwEnxpyftq9Leosh,0.0,0.00047,0.00047,14.0012953,FILLED,GTC,MARKET,BUY,0.0,0.0,1689702660813,1689702660813,True,1689702660813,0.0,EXPIRE_MAKER,,,29789.99
BTCUSDT,1044587076,-1,Y6Cp7IczDTLQ8sf6yAofvr,0.0,0.00038,0.00038,11.3217086,FILLED,GTC,MARKET,SELL,0.0,0.0,1689703500955,1689703500955,True,1689703500955,0.0,EXPIRE_MAKER,,,29793.969999999998
BTCUSDT,1044589381,-1,y7I52i1SoyYKYHubtZKRIs,0.0,0.00031,0.00031,9.260351,FILLED,GTC,MARKET,SELL,0.0,0.0,1689704041047,1689704041047,True,1689704041047,0.0,EXPIRE_MAKER,,,29872.1
BTCUSDT,1044596020,-1,pwMC1Bm39PQl8kME24t0CV,0.0,0.00028,0.00028,8.3608084,FILLED,GTC,MARKET,SELL,0.0,0.0,1689705601164,1689705601164,True,1689705601164,0.0,EXPIRE_MAKER,,,29860.030000000002
BTCUSDT,1044596213,-1,D8Rn8NZJXhdiE2MjdE1I1t,0.0,0.00027,0.00027,8.0608986,FILLED,GTC,MARKET,SELL,0.0,0.0,1689705661306,1689705661306,True,1689705661306,0.0,EXPIRE_MAKER,,,29855.18
BTCUSDT,1044601821,-1,Px6R55FmsS6vUOwT9zvrlU,0.0,0.00077,0.00077,23.0096559,FILLED,GTC,MARKET,BUY,0.0,0.0,1689707461628,1689707461628,True,1689707461628,0.0,EXPIRE_MAKER,,,29882.67
BTCUSDT,1044603900,-1,GOkcJAvo8c4JgfJwUbCrce,0.0,0.00026,0.00026,7.7676222,FILLED,GTC,MARKET,SELL,0.0,0.0,1689707821072,1689707821072,True,1689707821072,0.0,EXPIRE_MAKER,,,29875.47
BTCUSDT,1044608363,-1,N7PLEFpPiET2U0PIw4l16v,0.0,0.00041,0.00041,12.2139041,FILLED,GTC,MARKET,SELL,0.0,0.0,1689708901098,1689708901098,True,1689708901098,0.0,EXPIRE_MAKER,,,29790.010000000002
BTCUSDT,1044615229,-1,fiq3hFloGcHxhGZ3NZZVGm,0.0,0.00048,0.00048,14.2872164,FILLED,GTC,MARKET,SELL,0.0,0.0,1689710760927,1689710760927,True,1689710760927,0.0,EXPIRE_MAKER,,,29765.034166666665
BTCUSDT,1044622735,-1,nWnNPl67dlzOwlDanlQVz0,0.0,0.00049,0.00049,14.5970951,FILLED,GTC,MARKET,BUY,0.0,0.0,1689713101165,1689713101165,True,1689713101165,0.0,EXPIRE_MAKER,,,29789.99
BTCUSDT,1044623560,-1,oSYPoHcpKufky9SuOFomox,0.0,0.00038,0.00038,11.3174957,FILLED,GTC,MARKET,BUY,0.0,0.0,1689713461178,1689713461178,True,1689713461178,0.0,EXPIRE_MAKER,,,29782.88342105263
BTCUSDT,1044623994,-1,U2kZ52HfN3vT6jPerUTx7C,0.0,0.00038,0.00038,11.3175382,FILLED,GTC,MARKET,BUY,0.0,0.0,1689713640943,1689713640943,True,1689713640943,0.0,EXPIRE_MAKER,,,29782.995263157893
BTCUSDT,1044624447,-1,htME9cA7rCQT5dx9qFg9rY,0.0,0.00032,0.00032,9.5327968,FILLED,GTC,MARKET,BUY,0.0,0.0,1689713881449,1689713881449,True,1689713881449,0.0,EXPIRE_MAKER,,,29789.989999999998
BTCUSDT,1044624570,-1,TR0t6PNw9NnrD6vrhSQzAY,0.0,0.0003,0.0003,8.936997,FILLED,GTC,MARKET,BUY,0.0,0.0,1689713941261,1689713941261,True,1689713941261,0.0,EXPIRE_MAKER,,,29789.99
BTCUSDT,1044628936,-1,UqJkS2xtjdF2EBYT3tM5uh,0.0,0.00041,0.00041,12.2289823,FILLED,GTC,MARKET,BUY,0.0,0.0,1689715440901,1689715440901,True,1689715440901,0.0,EXPIRE_MAKER,,,29826.786097560976
BTCUSDT,1044629635,-1,jpICo8Yz5MSY1nU5DeaXPM,0.0,0.00037,0.00037,11.0386429,FILLED,GTC,MARKET,BUY,0.0,0.0,1689715861139,1689715861139,True,1689715861139,0.0,EXPIRE_MAKER,,,29834.17
BTCUSDT,1044629780,-1,2bMz83ySk1pYK0QgFZ4fV8,0.0,0.00034,0.00034,10.1421898,FILLED,GTC,MARKET,BUY,0.0,0.0,1689715981106,1689715981106,True,1689715981106,0.0,EXPIRE_MAKER,,,29829.97
BTCUSDT,1044630273,-1,otMJ8nHAsqvwYgNAltK8ta,0.0,0.00034,0.00034,10.143611,FILLED,GTC,MARKET,BUY,0.0,0.0,1689716160934,1689716160934,True,1689716160934,0.0,EXPIRE_MAKER,,,29834.149999999998
BTCUSDT,1044630440,-1,uTsdHPCNkW6X28PxMenw3v,0.0,0.00031,0.00031,9.2442062,FILLED,GTC,MARKET,SELL,0.0,0.0,1689716281141,1689716281141,True,1689716281141,0.0,EXPIRE_MAKER,,,29820.020000000004
BTCUSDT,1044631248,-1,fHAHjzrEg39LefdSKbGZMl,0.0,0.00025,0.00025,7.4550025,FILLED,GTC,MARKET,SELL,0.0,0.0,1689716641137,1689716641137,True,1689716641137,0.0,EXPIRE_MAKER,,,29820.01
BTCUSDT,1044635815,-1,hcAc24RLMl7JTjkEWTjzpk,0.0,0.00022,0.00022,6.5572584,FILLED,GTC,MARKET,BUY,0.0,0.0,1689718381241,1689718381241,True,1689718381241,0.0,EXPIRE_MAKER,,,29805.72
BTCUSDT,1044636549,-1,Yrt4w73uTulcEou8ZaXGpk,0.0,0.0002,0.0002,5.96008,FILLED,GTC,MARKET,BUY,0.0,0.0,1689718621471,1689718621471,True,1689718621471,0.0,EXPIRE_MAKER,,,29800.399999999998
BTCUSDT,1044637245,-1,17yzvluHU0QshuFKlg7LFI,0.0,0.0009,0.0009,26.788509,FILLED,GTC,MARKET,SELL,0.0,0.0,1689718861142,1689718861142,True,1689718861142,0.0,EXPIRE_MAKER,,,29765.010000000002
BTCUSDT,1044651386,-1,YAQwwNsBtahO9c9O4MeUUj,0.0,0.00023,0.00023,6.8666546,FILLED,GTC,MARKET,SELL,0.0,0.0,1689725281510,1689725281510,True,1689725281510,0.0,EXPIRE_MAKER,,,29855.02
